Russel,yelping_since: 2004 10 || votes:  funny 167 useful 280 cool 245  || name: Russel || elite:  2005 2006  || type: user || compliments:  profile 8 cute 15 funny 11 plain 25 writer 9 note 20 photos 14 hot 48 more 3 cool 78  || fans: 70 || average_stars: 4 14 || review_count: 108 ||
Jeremy,yelping_since: 2004 10 || votes:  funny 7681 useful 14199 cool 11093  || name: Jeremy || elite:  2005 2006 2007 2008 2009 2010 2011 2012 2013 2014 2015  || type: user || compliments:  profile 116 cute 206 funny 580 plain 959 writer 327 list 38 note 611 photos 330 hot 1094 more 134 cool 1642  || fans: 1179 || average_stars: 3 66 || review_count: 1274 ||
Michael,yelping_since: 2004 10 || votes:  funny 908 useful 1483 cool 732  || name: Michael || elite:  2005 2006 2007 2008 2009 2010 2011 2012 2013 2014 2015  || type: user || compliments:  profile 9 cute 23 funny 120 plain 89 writer 24 list 4 note 83 photos 24 hot 101 more 19 cool 145  || fans: 100 || average_stars: 3 6 || review_count: 442 ||
Ken,yelping_since: 2004 10 || votes:  funny 1 useful 11 cool 5  || name: Ken || type: user || compliments:  cute 2  || fans: 2 || average_stars: 4 64 || review_count: 11 ||
Katherine,yelping_since: 2004 10 || votes:  funny 11 useful 34 cool 13  || name: Katherine || elite:  2005  || type: user || compliments:  cute 2 plain 2 writer 2 note 1 hot 1 more 1 cool 1  || fans: 4 || average_stars: 3 8 || review_count: 66 ||
Joan,yelping_since: 2004 10 || votes:  funny 13010 useful 17705 cool 16794  || name: Joan || elite:  2005 2006 2007 2008 2009 2010 2011 2012 2013 2014 2015  || type: user || compliments:  profile 231 cute 274 funny 1507 plain 4099 writer 1327 list 88 note 1017 photos 1934 hot 2704 cool 3592 more 222  || fans: 807 || average_stars: 4 35 || review_count: 1611 ||
George,yelping_since: 2004 10 || votes:  funny 35 useful 39 cool 25  || name: George || elite:  2005 2006 2007  || type: user || compliments:  profile 2 cute 4 funny 2 plain 6 writer 1 list 1 note 5 hot 8 more 1 cool 14  || fans: 6 || average_stars: 4 45 || review_count: 55 ||
Mary,yelping_since: 2004 10 || votes:  funny 32 useful 131 cool 34  || name: Mary || elite:  2005  || type: user || compliments:  plain 5 hot 1 cool 1  || fans: 2 || average_stars: 3 88 || review_count: 60 ||
Nader,yelping_since: 2004 10 || votes:  funny 53 useful 243 cool 49  || name: Nader || type: user || compliments:  profile 1 cute 1 funny 8 plain 5 writer 3 note 3 photos 1 hot 5 cool 4 more 2  || fans: 7 || average_stars: 3 58 || review_count: 101 ||
Joseph,yelping_since: 2004 10 || votes:  funny 6 useful 30 cool 15  || name: Joseph || type: user || compliments:  photos 1 hot 1 plain 2 cool 3  || fans: 0 || average_stars: 4 3 || review_count: 20 ||
Helen,yelping_since: 2004 10 || votes:  funny 1109 useful 2404 cool 1928  || name: Helen || elite:  2005 2006 2007 2008 2010 2011 2012  || type: user || compliments:  profile 9 cute 82 funny 70 plain 104 writer 17 list 3 note 85 photos 57 hot 265 cool 212 more 16  || fans: 78 || average_stars: 4 02 || review_count: 983 ||
Yishan,yelping_since: 2004 10 || votes:  funny 44 useful 48 cool 19  || name: Yishan || type: user || compliments:  cute 2 funny 1 plain 1 writer 1 note 1 cool 1 more 1  || fans: 8 || average_stars: 3 82 || review_count: 45 ||
Steven,yelping_since: 2008 11 || votes:  funny 60 useful 255 cool 77  || name: Steven || elite:  2012 2013 2014 2015  || type: user || compliments:  cute 1 funny 1 plain 6 writer 5 note 4 hot 4 cool 10  || fans: 7 || average_stars: 4 05 || review_count: 362 ||
Amanda,yelping_since: 2008 11 || votes:  funny 0 useful 28 cool 1  || name: Amanda || type: user || fans: 0 || average_stars: 3 71 || review_count: 6 ||
J,yelping_since: 2008 11 || votes:  funny 1 useful 12 cool 6  || name: J || type: user || compliments:  funny 1 writer 1  || fans: 0 || average_stars: 4 18 || review_count: 10 ||
Joe,yelping_since: 2008 11 || votes:  funny 0 useful 5 cool 1  || name: Joe || type: user || compliments:  cool 1  || fans: 0 || average_stars: 4 0 || review_count: 7 ||
King,yelping_since: 2008 11 || votes:  funny 8 useful 44 cool 12  || name: King || type: user || compliments:  note 1 plain 1 hot 1 more 1 cool 2  || fans: 1 || average_stars: 3 75 || review_count: 24 ||
edwin,yelping_since: 2008 11 || votes:  funny 112 useful 231 cool 165  || name: edwin || elite:  2011 2012 2013  || type: user || compliments:  profile 1 cute 2 funny 4 plain 10 writer 23 list 1 note 17 photos 3 hot 27 more 4 cool 16  || fans: 2 || average_stars: 3 71 || review_count: 72 ||
Kathy,yelping_since: 2008 11 || votes:  funny 17 useful 52 cool 16  || name: Kathy || type: user || compliments:  note 1 cool 2  || fans: 0 || average_stars: 3 51 || review_count: 36 ||
Rattie,yelping_since: 2009 04 || votes:  funny 7 useful 30 cool 2  || name: Rattie || type: user || fans: 0 || average_stars: 3 04 || review_count: 23 ||
Angela,yelping_since: 2009 08 || votes:  funny 2 useful 14 cool 2  || name: Angela || type: user || fans: 0 || average_stars: 4 91 || review_count: 23 ||
Michelle,yelping_since: 2009 08 || votes:  funny 2 useful 0 cool 0  || name: Michelle || type: user || fans: 0 || average_stars: 3 6 || review_count: 5 ||
Randy,yelping_since: 2010 04 || votes:  funny 1 useful 0 cool 0  || name: Randy || type: user || compliments:  note 1  || fans: 0 || average_stars: 3 0 || review_count: 1 ||
Heather,yelping_since: 2010 07 || votes:  funny 1 useful 13 cool 7  || name: Heather || type: user || compliments:  cool 1  || fans: 1 || average_stars: 4 38 || review_count: 13 ||
Mohammed,yelping_since: 2010 07 || votes:  funny 0 useful 10 cool 2  || name: Mohammed || type: user || fans: 1 || average_stars: 3 67 || review_count: 9 ||
Angela,yelping_since: 2010 10 || votes:  funny 8 useful 36 cool 13  || name: Angela || type: user || compliments:  note 1 photos 2 hot 2 writer 1 cool 2  || fans: 0 || average_stars: 3 52 || review_count: 31 ||
Jeremy,yelping_since: 2010 10 || votes:  funny 0 useful 1 cool 0  || name: Jeremy || type: user || compliments:  photos 1  || fans: 0 || average_stars: 5 0 || review_count: 1 ||
Kristi,yelping_since: 2011 01 || votes:  funny 11 useful 17 cool 1  || name: Kristi || type: user || fans: 0 || average_stars: 2 8 || review_count: 10 ||
Steven,yelping_since: 2011 02 || votes:  funny 2 useful 27 cool 9  || name: Steven || type: user || fans: 1 || average_stars: 4 11 || review_count: 19 ||
Tiffany,yelping_since: 2011 03 || votes:  funny 5 useful 20 cool 8  || name: Tiffany || type: user || fans: 1 || average_stars: 3 68 || review_count: 33 ||
Jannies,yelping_since: 2011 03 || votes:  funny 126 useful 413 cool 255  || name: Jannies || elite:  2014 2015  || type: user || compliments:  funny 7 plain 24 writer 11 note 16 photos 2 hot 12 more 1 cool 19  || fans: 7 || average_stars: 3 8 || review_count: 222 ||
Drew,yelping_since: 2011 03 || votes:  funny 2 useful 3 cool 3  || name: Drew || type: user || fans: 0 || average_stars: 4 12 || review_count: 28 ||
James,yelping_since: 2011 03 || votes:  funny 2 useful 2 cool 1  || name: James || type: user || fans: 1 || average_stars: 5 0 || review_count: 1 ||
Tom,yelping_since: 2011 04 || votes:  funny 0 useful 0 cool 0  || name: Tom || type: user || fans: 0 || average_stars: 5 0 || review_count: 1 ||
Dan,yelping_since: 2011 05 || votes:  funny 1 useful 35 cool 4  || name: Dan || type: user || fans: 0 || average_stars: 4 0 || review_count: 13 ||
Monica,yelping_since: 2011 07 || votes:  funny 5 useful 11 cool 5  || name: Monica || type: user || compliments:  plain 1  || fans: 3 || average_stars: 3 25 || review_count: 19 ||
Angela,yelping_since: 2011 09 || votes:  funny 6 useful 24 cool 4  || name: Angela || type: user || compliments:  more 1  || fans: 0 || average_stars: 3 33 || review_count: 14 ||
Stevie,yelping_since: 2011 10 || votes:  funny 93 useful 66 cool 25  || name: Stevie || type: user || compliments:  plain 1  || fans: 1 || average_stars: 4 28 || review_count: 46 ||
Chad,yelping_since: 2011 11 || votes:  funny 6 useful 43 cool 7  || name: Chad || type: user || compliments:  note 4 plain 1 more 1 funny 1  || fans: 1 || average_stars: 3 97 || review_count: 58 ||
Dj,yelping_since: 2011 11 || votes:  funny 3 useful 5 cool 1  || name: Dj || type: user || compliments:  hot 1  || fans: 0 || average_stars: 3 62 || review_count: 8 ||
Steve,yelping_since: 2012 01 || votes:  funny 0 useful 2 cool 0  || name: Steve || type: user || fans: 0 || average_stars: 3 0 || review_count: 3 ||
Shannon,yelping_since: 2012 01 || votes:  funny 1 useful 8 cool 0  || name: Shannon || type: user || fans: 1 || average_stars: 2 67 || review_count: 7 ||
Tony,yelping_since: 2012 04 || votes:  funny 0 useful 0 cool 0  || name: Tony || type: user || fans: 0 || average_stars: 1 0 || review_count: 2 ||
Emy,yelping_since: 2012 04 || votes:  funny 2 useful 1 cool 0  || name: Emy || type: user || fans: 1 || average_stars: 3 0 || review_count: 2 ||
Mandy,yelping_since: 2012 05 || votes:  funny 3 useful 11 cool 2  || name: Mandy || type: user || fans: 0 || average_stars: 4 58 || review_count: 12 ||
Stephanie,yelping_since: 2012 06 || votes:  funny 0 useful 0 cool 0  || name: Stephanie || type: user || fans: 0 || average_stars: 3 5 || review_count: 4 ||
Susan,yelping_since: 2012 06 || votes:  funny 0 useful 2 cool 2  || name: Susan || type: user || fans: 0 || average_stars: 5 0 || review_count: 4 ||
Brady,yelping_since: 2012 07 || votes:  funny 1 useful 5 cool 1  || name: Brady || type: user || fans: 0 || average_stars: 3 0 || review_count: 2 ||
Sarah,yelping_since: 2012 07 || votes:  funny 8 useful 24 cool 3  || name: Sarah || type: user || fans: 3 || average_stars: 4 31 || review_count: 12 ||
L,yelping_since: 2012 07 || votes:  funny 3 useful 9 cool 1  || name: L || type: user || fans: 0 || average_stars: 3 11 || review_count: 28 ||
Nikki,yelping_since: 2012 09 || votes:  funny 12 useful 27 cool 3  || name: Nikki || type: user || fans: 0 || average_stars: 3 87 || review_count: 15 ||
Mike,yelping_since: 2012 10 || votes:  funny 2 useful 24 cool 2  || name: Mike || type: user || compliments:  note 1  || fans: 0 || average_stars: 2 94 || review_count: 16 ||
Breanne,yelping_since: 2012 10 || votes:  funny 0 useful 0 cool 0  || name: Breanne || type: user || fans: 0 || average_stars: 3 0 || review_count: 2 ||
Madison,yelping_since: 2012 11 || votes:  funny 6 useful 8 cool 4  || name: Madison || type: user || fans: 0 || average_stars: 4 29 || review_count: 8 ||
Ron,yelping_since: 2012 11 || votes:  funny 24 useful 32 cool 11  || name: Ron || type: user || fans: 1 || average_stars: 3 81 || review_count: 52 ||
Christy,yelping_since: 2013 01 || votes:  funny 0 useful 11 cool 2  || name: Christy || type: user || compliments:  funny 1  || fans: 0 || average_stars: 3 8 || review_count: 15 ||
K,yelping_since: 2013 01 || votes:  funny 5 useful 17 cool 6  || name: K || type: user || fans: 0 || average_stars: 4 33 || review_count: 14 ||
Kevin,yelping_since: 2013 01 || votes:  funny 0 useful 8 cool 4  || name: Kevin || type: user || compliments:  hot 1 writer 2 cool 1  || fans: 0 || average_stars: 3 83 || review_count: 6 ||
Arvind,yelping_since: 2013 02 || votes:  funny 0 useful 0 cool 0  || name: Arvind || type: user || fans: 0 || average_stars: 3 0 || review_count: 3 ||
Kat,yelping_since: 2013 02 || votes:  funny 1 useful 2 cool 0  || name: Kat || type: user || fans: 0 || average_stars: 2 0 || review_count: 1 ||
Esayas,yelping_since: 2013 02 || votes:  funny 0 useful 0 cool 0  || name: Esayas || type: user || fans: 0 || average_stars: 3 33 || review_count: 3 ||
Abby,yelping_since: 2013 06 || votes:  funny 0 useful 0 cool 0  || name: Abby || type: user || fans: 0 || average_stars: 3 0 || review_count: 2 ||
Kristine,yelping_since: 2013 07 || votes:  funny 0 useful 0 cool 0  || name: Kristine || type: user || fans: 0 || average_stars: 5 0 || review_count: 1 ||
David,yelping_since: 2013 07 || votes:  funny 0 useful 1 cool 0  || name: David || type: user || compliments:  cool 1  || fans: 0 || average_stars: 4 0 || review_count: 4 ||
Camille,yelping_since: 2013 07 || votes:  funny 1 useful 1 cool 1  || name: Camille || type: user || fans: 0 || average_stars: 5 0 || review_count: 2 ||
Michael,yelping_since: 2013 07 || votes:  funny 0 useful 0 cool 0  || name: Michael || type: user || compliments:  cool 1  || fans: 0 || average_stars: 3 67 || review_count: 3 ||
Antony,yelping_since: 2013 09 || votes:  funny 2 useful 4 cool 0  || name: Antony || type: user || compliments:  funny 1 writer 1 cool 1  || fans: 0 || average_stars: 3 81 || review_count: 42 ||
Latasha,yelping_since: 2013 10 || votes:  funny 1 useful 2 cool 2  || name: Latasha || type: user || compliments:  plain 1  || fans: 0 || average_stars: 4 0 || review_count: 7 ||
Amanda,yelping_since: 2014 01 || votes:  funny 1 useful 2 cool 0  || name: Amanda || type: user || fans: 0 || average_stars: 4 0 || review_count: 13 ||
Austin,yelping_since: 2014 04 || votes:  funny 15 useful 19 cool 13  || name: Austin || type: user || fans: 0 || average_stars: 3 0 || review_count: 6 ||
Dan,yelping_since: 2014 04 || votes:  funny 0 useful 5 cool 4  || name: Dan || type: user || fans: 0 || average_stars: 4 67 || review_count: 3 ||
Carol,yelping_since: 2014 05 || votes:  funny 0 useful 1 cool 0  || name: Carol || type: user || fans: 0 || average_stars: 1 0 || review_count: 2 ||
Anny,yelping_since: 2014 06 || votes:  funny 30 useful 45 cool 27  || name: Anny || type: user || compliments:  writer 2  || fans: 2 || average_stars: 3 62 || review_count: 31 ||
Adam,yelping_since: 2014 06 || votes:  funny 2 useful 0 cool 0  || name: Adam || type: user || fans: 0 || average_stars: 2 0 || review_count: 2 ||
Vicky,yelping_since: 2014 06 || votes:  funny 4 useful 16 cool 9  || name: Vicky || type: user || compliments:  plain 1  || fans: 0 || average_stars: 3 37 || review_count: 19 ||
Raven,yelping_since: 2014 08 || votes:  funny 0 useful 1 cool 0  || name: Raven || type: user || fans: 0 || average_stars: 5 0 || review_count: 3 ||
Jimmy,yelping_since: 2014 10 || votes:  funny 0 useful 2 cool 0  || name: Jimmy || type: user || fans: 0 || average_stars: 4 4 || review_count: 5 ||
Derrick,yelping_since: 2014 10 || votes:  funny 0 useful 5 cool 0  || name: Derrick || type: user || fans: 1 || average_stars: 3 25 || review_count: 12 ||
JC,yelping_since: 2014 12 || votes:  funny 0 useful 0 cool 0  || name: JC || type: user || fans: 0 || average_stars: 2 0 || review_count: 1 ||
TJ,yelping_since: 2014 12 || votes:  funny 0 useful 3 cool 0  || name: TJ || type: user || fans: 0 || average_stars: 2 83 || review_count: 12 ||
Gin,yelping_since: 2014 12 || votes:  funny 0 useful 0 cool 0  || name: Gin || type: user || fans: 0 || average_stars: 4 67 || review_count: 3 ||
Aaron,yelping_since: 2014 12 || votes:  funny 0 useful 0 cool 0  || name: Aaron || type: user || fans: 0 || average_stars: 4 0 || review_count: 2 ||
Julio,yelping_since: 2015 02 || votes:  funny 0 useful 3 cool 0  || name: Julio || type: user || fans: 0 || average_stars: 4 33 || review_count: 6 ||
James,yelping_since: 2015 02 || votes:  funny 1 useful 14 cool 4  || name: James || type: user || compliments:  plain 2  || fans: 1 || average_stars: 4 33 || review_count: 44 ||
S,yelping_since: 2015 02 || votes:  funny 0 useful 2 cool 1  || name: S || type: user || compliments:  plain 1  || fans: 0 || average_stars: 4 2 || review_count: 10 ||
Michael,yelping_since: 2015 03 || votes:  funny 0 useful 1 cool 1  || name: Michael || type: user || fans: 1 || average_stars: 5 0 || review_count: 2 ||
Layne,yelping_since: 2015 05 || votes:  funny 5 useful 6 cool 3  || name: Layne || type: user || fans: 0 || average_stars: 1 5 || review_count: 4 ||
Debanhy,yelping_since: 2015 06 || votes:  funny 0 useful 0 cool 0  || name: Debanhy || type: user || fans: 0 || average_stars: 5 0 || review_count: 1 ||
Joe,yelping_since: 2015 08 || votes:  funny 0 useful 2 cool 0  || name: Joe || type: user || fans: 0 || average_stars: 3 6 || review_count: 6 ||
Tammy,yelping_since: 2015 08 || votes:  funny 0 useful 0 cool 0  || name: Tammy || type: user || fans: 0 || average_stars: 5 0 || review_count: 4 ||
Ryo,yelping_since: 2004 10 || votes:  funny 36 useful 87 cool 43  || name: Ryo || elite:  2007  || type: user || compliments:  profile 1 funny 1 cute 1 plain 4 writer 2 list 5 note 1 photos 4 hot 1 cool 3  || fans: 7 || average_stars: 3 52 || review_count: 170 ||
L ,yelping_since: 2004 10 || votes:  funny 9 useful 50 cool 8  || name: L  || type: user || compliments:  cool 1  || fans: 0 || average_stars: 3 47 || review_count: 30 ||
Doug,yelping_since: 2004 10 || votes:  funny 8 useful 29 cool 7  || name: Doug || type: user || compliments:  cute 1  || fans: 0 || average_stars: 3 94 || review_count: 16 ||
David,yelping_since: 2004 10 || votes:  funny 18 useful 97 cool 66  || name: David || type: user || compliments:  cute 1 plain 4 writer 3 note 1 hot 1 cool 4 more 2  || fans: 7 || average_stars: 3 84 || review_count: 50 ||
Evike,yelping_since: 2008 06 || votes:  funny 15 useful 74 cool 15  || name: Evike || type: user || fans: 1 || average_stars: 3 52 || review_count: 49 ||
Suman,yelping_since: 2008 11 || votes:  funny 0 useful 2 cool 0  || name: Suman || type: user || compliments:  note 1  || fans: 0 || average_stars: 4 83 || review_count: 6 ||
Fawn,yelping_since: 2008 11 || votes:  funny 8 useful 18 cool 14  || name: Fawn || type: user || compliments:  note 1 cute 1 writer 1 plain 3  || fans: 0 || average_stars: 4 72 || review_count: 29 ||
Stan,yelping_since: 2008 11 || votes:  funny 4 useful 19 cool 5  || name: Stan || type: user || compliments:  more 1  || fans: 0 || average_stars: 3 83 || review_count: 6 ||
Irina,yelping_since: 2008 11 || votes:  funny 127 useful 315 cool 108  || name: Irina || elite:  2015  || type: user || compliments:  funny 1 plain 7 writer 10 note 3 photos 1 hot 7 more 1 cool 6  || fans: 10 || average_stars: 4 17 || review_count: 117 ||
Shari,yelping_since: 2008 11 || votes:  funny 55 useful 223 cool 71  || name: Shari || elite:  2014 2015  || type: user || compliments:  profile 1 plain 6 writer 1 note 6 hot 3 cool 8  || fans: 9 || average_stars: 4 37 || review_count: 122 ||
Jarrett,yelping_since: 2008 12 || votes:  funny 0 useful 2 cool 0  || name: Jarrett || type: user || fans: 0 || average_stars: 4 0 || review_count: 3 ||
Jenni,yelping_since: 2010 02 || votes:  funny 2 useful 10 cool 2  || name: Jenni || type: user || fans: 0 || average_stars: 4 08 || review_count: 12 ||
Desmond,yelping_since: 2010 02 || votes:  funny 2 useful 3 cool 1  || name: Desmond || type: user || fans: 0 || average_stars: 3 4 || review_count: 4 ||
Bryan,yelping_since: 2010 02 || votes:  funny 8 useful 22 cool 5  || name: Bryan || type: user || compliments:  plain 1 cool 1  || fans: 0 || average_stars: 4 18 || review_count: 11 ||
Julia,yelping_since: 2010 02 || votes:  funny 2 useful 13 cool 4  || name: Julia || type: user || compliments:  funny 1 hot 1  || fans: 0 || average_stars: 3 75 || review_count: 8 ||
Melisa,yelping_since: 2010 07 || votes:  funny 13 useful 41 cool 14  || name: Melisa || type: user || compliments:  plain 1 cool 5  || fans: 0 || average_stars: 3 79 || review_count: 43 ||
Olivia,yelping_since: 2010 07 || votes:  funny 0 useful 7 cool 1  || name: Olivia || type: user || fans: 0 || average_stars: 4 0 || review_count: 4 ||
Rose Ann,yelping_since: 2010 07 || votes:  funny 10 useful 10 cool 5  || name: Rose Ann || type: user || compliments:  cute 1 hot 1  || fans: 0 || average_stars: 3 06 || review_count: 16 ||
Jenny,yelping_since: 2010 08 || votes:  funny 33 useful 82 cool 47  || name: Jenny || type: user || compliments:  note 1 hot 1 writer 3 cool 3  || fans: 4 || average_stars: 4 44 || review_count: 113 ||
Anthony,yelping_since: 2010 10 || votes:  funny 2 useful 12 cool 1  || name: Anthony || type: user || fans: 0 || average_stars: 4 19 || review_count: 22 ||
R,yelping_since: 2010 10 || votes:  funny 15 useful 35 cool 12  || name: R || type: user || compliments:  note 1 plain 2 hot 1 cool 5 more 1  || fans: 0 || average_stars: 3 14 || review_count: 90 ||
Caroline,yelping_since: 2010 10 || votes:  funny 19 useful 13 cool 2  || name: Caroline || type: user || fans: 1 || average_stars: 4 6 || review_count: 18 ||
Ingrid,yelping_since: 2010 10 || votes:  funny 48 useful 134 cool 80  || name: Ingrid || elite:  2013  || type: user || compliments:  profile 1 funny 2 plain 11 writer 4 list 1 note 2 photos 3 hot 12 cool 26 more 6  || fans: 0 || average_stars: 3 98 || review_count: 47 ||
Maya,yelping_since: 2011 01 || votes:  funny 1 useful 5 cool 2  || name: Maya || type: user || fans: 0 || average_stars: 4 56 || review_count: 18 ||
Stacey,yelping_since: 2011 01 || votes:  funny 0 useful 5 cool 1  || name: Stacey || type: user || fans: 0 || average_stars: 4 43 || review_count: 7 ||
Meredith,yelping_since: 2011 02 || votes:  funny 0 useful 6 cool 1  || name: Meredith || type: user || fans: 0 || average_stars: 3 75 || review_count: 5 ||
Charles,yelping_since: 2011 03 || votes:  funny 0 useful 0 cool 0  || name: Charles || type: user || fans: 0 || average_stars: 5 0 || review_count: 1 ||
Michael,yelping_since: 2011 03 || votes:  funny 1 useful 3 cool 0  || name: Michael || type: user || fans: 0 || average_stars: 1 33 || review_count: 3 ||
Jessica,yelping_since: 2011 05 || votes:  funny 90 useful 302 cool 128  || name: Jessica || type: user || compliments:  funny 2 cute 1 plain 6 writer 1 hot 1 cool 5 more 1  || fans: 22 || average_stars: 3 56 || review_count: 76 ||
Em,yelping_since: 2011 05 || votes:  funny 0 useful 1 cool 0  || name: Em || type: user || fans: 0 || average_stars: 1 0 || review_count: 1 ||
Michael,yelping_since: 2011 09 || votes:  funny 1 useful 5 cool 0  || name: Michael || type: user || compliments:  note 1  || fans: 0 || average_stars: 3 0 || review_count: 2 ||
Bill,yelping_since: 2011 11 || votes:  funny 1 useful 2 cool 0  || name: Bill || type: user || fans: 0 || average_stars: 2 0 || review_count: 2 ||
Amee,yelping_since: 2011 11 || votes:  funny 0 useful 0 cool 0  || name: Amee || type: user || fans: 0 || average_stars: 5 0 || review_count: 1 ||
Erika,yelping_since: 2011 11 || votes:  funny 0 useful 8 cool 1  || name: Erika || type: user || compliments:  note 1  || fans: 0 || average_stars: 4 23 || review_count: 13 ||
Angela,yelping_since: 2012 01 || votes:  funny 0 useful 0 cool 0  || name: Angela || type: user || fans: 1 || average_stars: 5 0 || review_count: 1 ||
Tessa,yelping_since: 2012 01 || votes:  funny 0 useful 2 cool 0  || name: Tessa || type: user || compliments:  hot 1  || fans: 0 || average_stars: 4 14 || review_count: 5 ||
Holly,yelping_since: 2012 02 || votes:  funny 1 useful 11 cool 1  || name: Holly || type: user || fans: 0 || average_stars: 2 5 || review_count: 5 ||
Jason,yelping_since: 2012 02 || votes:  funny 9 useful 8 cool 4  || name: Jason || type: user || fans: 1 || average_stars: 3 67 || review_count: 13 ||
Doreen,yelping_since: 2012 03 || votes:  funny 1 useful 28 cool 8  || name: Doreen || type: user || compliments:  note 1 plain 2 profile 1 cool 2  || fans: 1 || average_stars: 4 08 || review_count: 25 ||
Jennifer,yelping_since: 2012 04 || votes:  funny 3 useful 7 cool 3  || name: Jennifer || type: user || fans: 1 || average_stars: 3 56 || review_count: 9 ||
Sandie,yelping_since: 2012 04 || votes:  funny 1 useful 9 cool 0  || name: Sandie || type: user || fans: 0 || average_stars: 1 57 || review_count: 7 ||
Fort Worth,yelping_since: 2012 06 || votes:  funny 0 useful 1 cool 2  || name: Fort Worth || type: user || compliments:  plain 1  || fans: 0 || average_stars: 2 75 || review_count: 4 ||
Mora,yelping_since: 2012 07 || votes:  funny 49 useful 101 cool 26  || name: Mora || type: user || compliments:  note 2 profile 1 writer 3 plain 1 cool 2  || fans: 2 || average_stars: 3 34 || review_count: 61 ||
Ed,yelping_since: 2012 08 || votes:  funny 2 useful 0 cool 0  || name: Ed || type: user || compliments:  plain 1  || fans: 0 || average_stars: 2 67 || review_count: 6 ||
Anna,yelping_since: 2012 08 || votes:  funny 0 useful 0 cool 0  || name: Anna || type: user || fans: 0 || average_stars: 5 0 || review_count: 1 ||
Alaina,yelping_since: 2012 08 || votes:  funny 2 useful 5 cool 1  || name: Alaina || type: user || fans: 0 || average_stars: 3 0 || review_count: 4 ||
Hannah,yelping_since: 2012 08 || votes:  funny 1 useful 2 cool 2  || name: Hannah || type: user || compliments:  plain 1 writer 1  || fans: 0 || average_stars: 4 67 || review_count: 3 ||
Peter,yelping_since: 2012 10 || votes:  funny 1 useful 0 cool 0  || name: Peter || type: user || compliments:  plain 1  || fans: 0 || average_stars: 2 0 || review_count: 3 ||
Anna Karen,yelping_since: 2012 11 || votes:  funny 0 useful 0 cool 0  || name: Anna Karen || type: user || fans: 0 || average_stars: 2 0 || review_count: 1 ||
Ty,yelping_since: 2012 11 || votes:  funny 2 useful 2 cool 1  || name: Ty || type: user || compliments:  hot 1  || fans: 0 || average_stars: 4 8 || review_count: 5 ||
Amber,yelping_since: 2013 01 || votes:  funny 0 useful 1 cool 0  || name: Amber || type: user || fans: 0 || average_stars: 2 5 || review_count: 2 ||
Jennifer,yelping_since: 2013 02 || votes:  funny 0 useful 4 cool 5  || name: Jennifer || type: user || compliments:  note 1 cool 1  || fans: 0 || average_stars: 4 14 || review_count: 7 ||
Cameron,yelping_since: 2013 03 || votes:  funny 2 useful 1 cool 0  || name: Cameron || type: user || fans: 1 || average_stars: 3 0 || review_count: 2 ||
Chris,yelping_since: 2013 03 || votes:  funny 11 useful 103 cool 10  || name: Chris || type: user || compliments:  note 1 plain 1  || fans: 0 || average_stars: 3 19 || review_count: 29 ||
Kalena,yelping_since: 2013 03 || votes:  funny 0 useful 1 cool 0  || name: Kalena || type: user || fans: 0 || average_stars: 3 46 || review_count: 13 ||
Dolores Carlos,yelping_since: 2013 07 || votes:  funny 0 useful 1 cool 1  || name: Dolores Carlos || type: user || fans: 0 || average_stars: 4 5 || review_count: 2 ||
Ariana,yelping_since: 2013 07 || votes:  funny 3 useful 3 cool 4  || name: Ariana || type: user || fans: 0 || average_stars: 2 0 || review_count: 4 ||
Cristian,yelping_since: 2013 07 || votes:  funny 0 useful 1 cool 0  || name: Cristian || type: user || fans: 0 || average_stars: 2 0 || review_count: 1 ||
Ian,yelping_since: 2013 08 || votes:  funny 2 useful 5 cool 1  || name: Ian || type: user || fans: 0 || average_stars: 2 91 || review_count: 12 ||
Tracy,yelping_since: 2013 10 || votes:  funny 0 useful 0 cool 0  || name: Tracy || type: user || fans: 0 || average_stars: 5 0 || review_count: 1 ||
Kiran,yelping_since: 2013 11 || votes:  funny 16 useful 34 cool 25  || name: Kiran || type: user || compliments:  funny 4 plain 1 writer 7 note 3 hot 8 cool 10  || fans: 1 || average_stars: 3 83 || review_count: 12 ||
Jill,yelping_since: 2014 01 || votes:  funny 0 useful 0 cool 0  || name: Jill || type: user || fans: 0 || average_stars: 2 0 || review_count: 1 ||
Beth,yelping_since: 2014 04 || votes:  funny 0 useful 0 cool 0  || name: Beth || type: user || fans: 0 || average_stars: 5 0 || review_count: 2 ||
Laurie,yelping_since: 2014 04 || votes:  funny 0 useful 3 cool 0  || name: Laurie || type: user || fans: 0 || average_stars: 2 6 || review_count: 5 ||
Stephen,yelping_since: 2014 05 || votes:  funny 0 useful 1 cool 1  || name: Stephen || type: user || fans: 0 || average_stars: 4 75 || review_count: 4 ||
Craig,yelping_since: 2014 06 || votes:  funny 0 useful 0 cool 0  || name: Craig || type: user || fans: 0 || average_stars: 4 0 || review_count: 2 ||
Roxanne,yelping_since: 2014 06 || votes:  funny 1 useful 7 cool 0  || name: Roxanne || type: user || fans: 0 || average_stars: 3 38 || review_count: 8 ||
Kim,yelping_since: 2014 06 || votes:  funny 0 useful 0 cool 0  || name: Kim || type: user || fans: 0 || average_stars: 3 0 || review_count: 1 ||
Nita,yelping_since: 2014 07 || votes:  funny 0 useful 0 cool 0  || name: Nita || type: user || fans: 0 || average_stars: 5 0 || review_count: 1 ||
Seth,yelping_since: 2014 07 || votes:  funny 0 useful 4 cool 0  || name: Seth || type: user || fans: 0 || average_stars: 3 33 || review_count: 3 ||
Kimberly,yelping_since: 2014 08 || votes:  funny 0 useful 9 cool 2  || name: Kimberly || type: user || fans: 0 || average_stars: 4 56 || review_count: 9 ||
Dale,yelping_since: 2014 09 || votes:  funny 0 useful 0 cool 0  || name: Dale || type: user || fans: 0 || average_stars: 2 67 || review_count: 3 ||
Dannie,yelping_since: 2014 09 || votes:  funny 0 useful 1 cool 0  || name: Dannie || type: user || fans: 0 || average_stars: 3 0 || review_count: 2 ||
Helen,yelping_since: 2014 11 || votes:  funny 0 useful 0 cool 0  || name: Helen || type: user || fans: 0 || average_stars: 3 55 || review_count: 12 ||
Diamond,yelping_since: 2014 12 || votes:  funny 1 useful 1 cool 1  || name: Diamond || type: user || fans: 0 || average_stars: 3 0 || review_count: 2 ||
Stewart,yelping_since: 2014 12 || votes:  funny 0 useful 0 cool 0  || name: Stewart || type: user || fans: 0 || average_stars: 5 0 || review_count: 1 ||
Nazim Yoldas,yelping_since: 2014 12 || votes:  funny 1 useful 0 cool 0  || name: Nazim Yoldas || type: user || fans: 0 || average_stars: 4 0 || review_count: 1 ||
Vanessa,yelping_since: 2015 01 || votes:  funny 0 useful 5 cool 6  || name: Vanessa || type: user || compliments:  plain 1  || fans: 0 || average_stars: 4 18 || review_count: 11 ||
Ashley,yelping_since: 2015 02 || votes:  funny 3 useful 10 cool 3  || name: Ashley || type: user || compliments:  hot 1 cool 1  || fans: 0 || average_stars: 4 1 || review_count: 22 ||
Milo,yelping_since: 2015 03 || votes:  funny 0 useful 0 cool 0  || name: Milo || type: user || fans: 0 || average_stars: 1 0 || review_count: 1 ||
Jerad,yelping_since: 2015 03 || votes:  funny 0 useful 0 cool 0  || name: Jerad || type: user || fans: 0 || average_stars: 5 0 || review_count: 1 ||
Craig,yelping_since: 2015 03 || votes:  funny 0 useful 1 cool 0  || name: Craig || type: user || fans: 0 || average_stars: 1 0 || review_count: 1 ||
Sarah,yelping_since: 2015 04 || votes:  funny 0 useful 1 cool 1  || name: Sarah || type: user || fans: 0 || average_stars: 5 0 || review_count: 1 ||
Charles,yelping_since: 2015 05 || votes:  funny 0 useful 1 cool 0  || name: Charles || type: user || fans: 0 || average_stars: 5 0 || review_count: 1 ||
Danny,yelping_since: 2015 05 || votes:  funny 0 useful 0 cool 0  || name: Danny || type: user || fans: 0 || average_stars: 1 0 || review_count: 1 ||
Brian,yelping_since: 2015 06 || votes:  funny 0 useful 2 cool 1  || name: Brian || type: user || fans: 0 || average_stars: 3 0 || review_count: 2 ||
Nick,yelping_since: 2015 07 || votes:  funny 0 useful 1 cool 1  || name: Nick || type: user || fans: 0 || average_stars: 4 2 || review_count: 5 ||
Andre,yelping_since: 2015 07 || votes:  funny 0 useful 0 cool 0  || name: Andre || type: user || fans: 0 || average_stars: 5 0 || review_count: 1 ||
Gord,yelping_since: 2015 08 || votes:  funny 0 useful 0 cool 0  || name: Gord || type: user || fans: 0 || average_stars: 5 0 || review_count: 1 ||
Mike,yelping_since: 2015 09 || votes:  funny 0 useful 1 cool 0  || name: Mike || type: user || fans: 0 || average_stars: 1 0 || review_count: 1 ||
jenna,yelping_since: 2004 10 || votes:  funny 221 useful 284 cool 230  || name: jenna || elite:  2005 2006 2007  || type: user || compliments:  profile 2 cute 1 funny 2 plain 10 writer 11 list 1 note 8 photos 1 hot 12 more 5 cool 20  || fans: 10 || average_stars: 4 13 || review_count: 158 ||
Catherine,yelping_since: 2007 06 || votes:  funny 36 useful 83 cool 41  || name: Catherine || type: user || compliments:  funny 6 plain 8 writer 2 note 5 photos 2 hot 4 more 2 cool 11  || fans: 6 || average_stars: 3 81 || review_count: 57 ||
April,yelping_since: 2008 02 || votes:  funny 76 useful 298 cool 93  || name: April || type: user || compliments:  profile 1 funny 1 plain 3 writer 2 note 1 hot 1 more 2 cool 8  || fans: 5 || average_stars: 3 62 || review_count: 231 ||
John,yelping_since: 2008 11 || votes:  funny 5 useful 22 cool 8  || name: John || type: user || compliments:  note 1 plain 1  || fans: 0 || average_stars: 4 08 || review_count: 13 ||
Carolyn,yelping_since: 2008 11 || votes:  funny 3 useful 33 cool 9  || name: Carolyn || type: user || compliments:  profile 1 hot 1  || fans: 4 || average_stars: 4 02 || review_count: 50 ||
Yue,yelping_since: 2008 11 || votes:  funny 569 useful 1087 cool 750  || name: Yue || elite:  2013 2014 2015  || type: user || compliments:  profile 7 funny 72 cute 1 plain 63 writer 48 note 47 photos 9 hot 78 cool 196 more 21  || fans: 19 || average_stars: 3 87 || review_count: 383 ||
Lynda,yelping_since: 2009 08 || votes:  funny 6 useful 33 cool 6  || name: Lynda || type: user || fans: 0 || average_stars: 2 5 || review_count: 19 ||
Nora,yelping_since: 2009 08 || votes:  funny 0 useful 6 cool 1  || name: Nora || type: user || fans: 0 || average_stars: 4 6 || review_count: 6 ||
Peter,yelping_since: 2009 08 || votes:  funny 2 useful 2 cool 2  || name: Peter || type: user || fans: 0 || average_stars: 5 0 || review_count: 1 ||
Jackie,yelping_since: 2010 07 || votes:  funny 7 useful 18 cool 7  || name: Jackie || type: user || compliments:  cool 1  || fans: 0 || average_stars: 3 18 || review_count: 11 ||
Bart,yelping_since: 2010 07 || votes:  funny 2 useful 1 cool 1  || name: Bart || type: user || fans: 1 || average_stars: 4 5 || review_count: 8 ||
Brianna,yelping_since: 2010 08 || votes:  funny 0 useful 13 cool 2  || name: Brianna || type: user || compliments:  note 1  || fans: 1 || average_stars: 4 35 || review_count: 18 ||
Millie,yelping_since: 2010 09 || votes:  funny 8 useful 11 cool 1  || name: Millie || type: user || fans: 1 || average_stars: 4 15 || review_count: 13 ||
mandy,yelping_since: 2010 10 || votes:  funny 4 useful 14 cool 1  || name: mandy || type: user || compliments:  note 2 hot 1  || fans: 0 || average_stars: 3 86 || review_count: 7 ||
Jake,yelping_since: 2010 10 || votes:  funny 0 useful 0 cool 1  || name: Jake || type: user || fans: 0 || average_stars: 5 0 || review_count: 1 ||
Mickey,yelping_since: 2010 10 || votes:  funny 0 useful 12 cool 1  || name: Mickey || type: user || fans: 0 || average_stars: 2 86 || review_count: 35 ||
mavyy,yelping_since: 2010 10 || votes:  funny 1 useful 1 cool 0  || name: mavyy || type: user || fans: 0 || average_stars: 5 0 || review_count: 1 ||
Kristina,yelping_since: 2010 10 || votes:  funny 9 useful 14 cool 10  || name: Kristina || type: user || compliments:  funny 9 plain 14 writer 2 note 10 photos 5 hot 13 more 3 cool 32  || fans: 1 || average_stars: 2 0 || review_count: 1 ||
Joe,yelping_since: 2011 01 || votes:  funny 3 useful 6 cool 2  || name: Joe || type: user || fans: 0 || average_stars: 3 33 || review_count: 6 ||
Steven,yelping_since: 2011 02 || votes:  funny 8 useful 34 cool 12  || name: Steven || type: user || compliments:  hot 1 writer 1 cool 1  || fans: 0 || average_stars: 4 38 || review_count: 16 ||
Sam,yelping_since: 2011 03 || votes:  funny 2 useful 1 cool 0  || name: Sam || type: user || fans: 0 || average_stars: 5 0 || review_count: 3 ||
Sascha,yelping_since: 2011 03 || votes:  funny 28 useful 105 cool 29  || name: Sascha || type: user || compliments:  note 1 plain 1 more 1 photos 1 cool 1  || fans: 5 || average_stars: 3 54 || review_count: 114 ||
Dan,yelping_since: 2011 03 || votes:  funny 0 useful 0 cool 2  || name: Dan || type: user || fans: 0 || average_stars: 5 0 || review_count: 1 ||
Bethany,yelping_since: 2011 03 || votes:  funny 0 useful 2 cool 0  || name: Bethany || type: user || fans: 0 || average_stars: 5 0 || review_count: 2 ||
Bobbie,yelping_since: 2011 05 || votes:  funny 2 useful 3 cool 1  || name: Bobbie || type: user || fans: 0 || average_stars: 2 25 || review_count: 4 ||
Phan,yelping_since: 2011 05 || votes:  funny 133 useful 295 cool 114  || name: Phan || elite:  2012 2013 2014 2015  || type: user || compliments:  funny 4 plain 12 writer 3 list 1 note 4 photos 1 hot 14 more 3 cool 7  || fans: 6 || average_stars: 3 52 || review_count: 563 ||
Matt,yelping_since: 2011 07 || votes:  funny 11 useful 34 cool 10  || name: Matt || type: user || compliments:  note 2 funny 1 cool 1  || fans: 0 || average_stars: 4 38 || review_count: 23 ||
Vince,yelping_since: 2011 07 || votes:  funny 0 useful 4 cool 1  || name: Vince || type: user || fans: 0 || average_stars: 4 0 || review_count: 12 ||
Melissa,yelping_since: 2011 07 || votes:  funny 53 useful 144 cool 67  || name: Melissa || elite:  2014 2015  || type: user || compliments:  funny 2 plain 3 writer 12 hot 8 more 2 cool 6  || fans: 3 || average_stars: 3 63 || review_count: 69 ||
Brittany,yelping_since: 2011 07 || votes:  funny 0 useful 18 cool 7  || name: Brittany || type: user || compliments:  plain 2 writer 1 note 3 photos 1 hot 2 cool 1  || fans: 1 || average_stars: 5 0 || review_count: 4 ||
Kristina,yelping_since: 2011 07 || votes:  funny 11 useful 81 cool 28  || name: Kristina || elite:  2015  || type: user || compliments:  funny 1 plain 6 writer 6 photos 1 hot 3 cool 4  || fans: 2 || average_stars: 3 86 || review_count: 50 ||
Olivera,yelping_since: 2011 09 || votes:  funny 2 useful 7 cool 0  || name: Olivera || type: user || fans: 0 || average_stars: 4 2 || review_count: 5 ||
Kat,yelping_since: 2011 09 || votes:  funny 1 useful 2 cool 1  || name: Kat || type: user || compliments:  note 2  || fans: 1 || average_stars: 3 6 || review_count: 5 ||
Isoglut,yelping_since: 2011 10 || votes:  funny 2 useful 3 cool 3  || name: Isoglut || type: user || fans: 0 || average_stars: 3 62 || review_count: 8 ||
Kuanwen,yelping_since: 2011 11 || votes:  funny 1 useful 10 cool 0  || name: Kuanwen || type: user || fans: 0 || average_stars: 4 2 || review_count: 6 ||
Kelly,yelping_since: 2012 01 || votes:  funny 0 useful 1 cool 1  || name: Kelly || type: user || fans: 0 || average_stars: 5 0 || review_count: 3 ||
Bill,yelping_since: 2012 01 || votes:  funny 9 useful 20 cool 7  || name: Bill || type: user || fans: 0 || average_stars: 3 38 || review_count: 15 ||
Rodd,yelping_since: 2012 02 || votes:  funny 0 useful 1 cool 0  || name: Rodd || type: user || fans: 0 || average_stars: 4 22 || review_count: 10 ||
Consuelo,yelping_since: 2012 02 || votes:  funny 0 useful 0 cool 2  || name: Consuelo || type: user || fans: 0 || average_stars: 5 0 || review_count: 2 ||
Cesar,yelping_since: 2012 02 || votes:  funny 0 useful 4 cool 4  || name: Cesar || type: user || fans: 0 || average_stars: 3 75 || review_count: 4 ||
Courtney,yelping_since: 2012 02 || votes:  funny 8 useful 23 cool 9  || name: Courtney || type: user || fans: 2 || average_stars: 4 02 || review_count: 47 ||
Andre,yelping_since: 2012 04 || votes:  funny 0 useful 0 cool 0  || name: Andre || type: user || fans: 0 || average_stars: 5 0 || review_count: 1 ||
Scot,yelping_since: 2012 06 || votes:  funny 0 useful 6 cool 1  || name: Scot || type: user || fans: 0 || average_stars: 3 2 || review_count: 10 ||
Nancy,yelping_since: 2012 06 || votes:  funny 0 useful 0 cool 0  || name: Nancy || type: user || fans: 0 || average_stars: 2 0 || review_count: 1 ||
Christina,yelping_since: 2012 06 || votes:  funny 0 useful 0 cool 1  || name: Christina || type: user || fans: 0 || average_stars: 5 0 || review_count: 1 ||
Eyleen,yelping_since: 2012 06 || votes:  funny 0 useful 1 cool 0  || name: Eyleen || type: user || fans: 0 || average_stars: 5 0 || review_count: 1 ||
Ditto,yelping_since: 2012 07 || votes:  funny 4 useful 16 cool 0  || name: Ditto || type: user || fans: 0 || average_stars: 3 84 || review_count: 19 ||
Jennifer,yelping_since: 2012 09 || votes:  funny 0 useful 0 cool 0  || name: Jennifer || type: user || fans: 0 || average_stars: 5 0 || review_count: 1 ||
John,yelping_since: 2012 10 || votes:  funny 10 useful 43 cool 7  || name: John || type: user || compliments:  plain 1  || fans: 0 || average_stars: 4 4 || review_count: 41 ||
Mitch,yelping_since: 2012 10 || votes:  funny 4 useful 9 cool 2  || name: Mitch || type: user || fans: 1 || average_stars: 3 5 || review_count: 18 ||
Danielle,yelping_since: 2012 11 || votes:  funny 6 useful 28 cool 9  || name: Danielle || type: user || compliments:  funny 1 plain 1 writer 2 photos 2 hot 2 cool 2 more 1  || fans: 3 || average_stars: 4 64 || review_count: 14 ||
Joseline,yelping_since: 2012 11 || votes:  funny 0 useful 3 cool 2  || name: Joseline || type: user || fans: 0 || average_stars: 1 0 || review_count: 1 ||
Judy,yelping_since: 2012 11 || votes:  funny 1 useful 0 cool 1  || name: Judy || type: user || fans: 0 || average_stars: 3 33 || review_count: 3 ||
Lynn,yelping_since: 2013 02 || votes:  funny 1 useful 2 cool 0  || name: Lynn || type: user || fans: 0 || average_stars: 4 71 || review_count: 6 ||
Adams,yelping_since: 2013 03 || votes:  funny 1 useful 4 cool 0  || name: Adams || type: user || fans: 0 || average_stars: 2 5 || review_count: 2 ||
Derek,yelping_since: 2013 03 || votes:  funny 0 useful 0 cool 0  || name: Derek || type: user || fans: 0 || average_stars: 5 0 || review_count: 1 ||
Sharon,yelping_since: 2013 03 || votes:  funny 0 useful 1 cool 0  || name: Sharon || type: user || compliments:  note 1  || fans: 0 || average_stars: 2 0 || review_count: 4 ||
John,yelping_since: 2013 05 || votes:  funny 0 useful 3 cool 0  || name: John || type: user || compliments:  plain 1  || fans: 0 || average_stars: 4 2 || review_count: 5 ||
Maurita,yelping_since: 2013 07 || votes:  funny 1 useful 3 cool 1  || name: Maurita || type: user || fans: 0 || average_stars: 2 25 || review_count: 4 ||
Caroline,yelping_since: 2013 08 || votes:  funny 1 useful 22 cool 3  || name: Caroline || type: user || fans: 0 || average_stars: 2 0 || review_count: 7 ||
Lawrence,yelping_since: 2013 10 || votes:  funny 0 useful 0 cool 0  || name: Lawrence || type: user || fans: 0 || average_stars: 2 0 || review_count: 2 ||
Leah,yelping_since: 2013 11 || votes:  funny 2 useful 31 cool 5  || name: Leah || type: user || fans: 2 || average_stars: 4 24 || review_count: 51 ||
John,yelping_since: 2014 01 || votes:  funny 1 useful 1 cool 0  || name: John || type: user || fans: 0 || average_stars: 3 5 || review_count: 4 ||
Jim,yelping_since: 2014 01 || votes:  funny 0 useful 0 cool 0  || name: Jim || type: user || fans: 0 || average_stars: 5 0 || review_count: 3 ||
T Jason,yelping_since: 2014 01 || votes:  funny 3 useful 4 cool 0  || name: T Jason || type: user || fans: 1 || average_stars: 3 71 || review_count: 7 ||
J ,yelping_since: 2014 01 || votes:  funny 0 useful 0 cool 0  || name: J  || type: user || fans: 0 || average_stars: 4 0 || review_count: 1 ||
Patty,yelping_since: 2014 04 || votes:  funny 0 useful 2 cool 0  || name: Patty || type: user || fans: 0 || average_stars: 5 0 || review_count: 2 ||
Darrell,yelping_since: 2014 04 || votes:  funny 0 useful 6 cool 4  || name: Darrell || type: user || fans: 0 || average_stars: 4 2 || review_count: 6 ||
Robert,yelping_since: 2014 05 || votes:  funny 2 useful 4 cool 0  || name: Robert || type: user || fans: 0 || average_stars: 3 45 || review_count: 12 ||
Kurt,yelping_since: 2014 05 || votes:  funny 3 useful 5 cool 2  || name: Kurt || type: user || fans: 0 || average_stars: 4 75 || review_count: 4 ||
Danny,yelping_since: 2014 06 || votes:  funny 0 useful 2 cool 1  || name: Danny || type: user || fans: 0 || average_stars: 1 75 || review_count: 4 ||
Matthew,yelping_since: 2014 06 || votes:  funny 0 useful 1 cool 0  || name: Matthew || type: user || fans: 0 || average_stars: 4 5 || review_count: 2 ||
Diana,yelping_since: 2014 06 || votes:  funny 0 useful 2 cool 1  || name: Diana || type: user || fans: 0 || average_stars: 4 0 || review_count: 1 ||
Rick,yelping_since: 2014 08 || votes:  funny 1 useful 2 cool 1  || name: Rick || type: user || fans: 0 || average_stars: 2 67 || review_count: 3 ||
Julie N Rick,yelping_since: 2014 08 || votes:  funny 1 useful 2 cool 0  || name: Julie N Rick || type: user || fans: 0 || average_stars: 1 0 || review_count: 1 ||
Raine,yelping_since: 2014 08 || votes:  funny 7 useful 24 cool 2  || name: Raine || type: user || compliments:  plain 2  || fans: 1 || average_stars: 2 42 || review_count: 19 ||
Federico,yelping_since: 2014 09 || votes:  funny 0 useful 0 cool 0  || name: Federico || type: user || fans: 0 || average_stars: 5 0 || review_count: 1 ||
Leah,yelping_since: 2014 11 || votes:  funny 1 useful 0 cool 1  || name: Leah || type: user || fans: 0 || average_stars: 1 0 || review_count: 1 ||
Peter,yelping_since: 2015 01 || votes:  funny 1 useful 7 cool 4  || name: Peter || type: user || fans: 0 || average_stars: 3 46 || review_count: 13 ||
Karl,yelping_since: 2015 02 || votes:  funny 0 useful 1 cool 0  || name: Karl || type: user || fans: 0 || average_stars: 5 0 || review_count: 1 ||
Jessie,yelping_since: 2015 02 || votes:  funny 2 useful 2 cool 0  || name: Jessie || type: user || fans: 0 || average_stars: 4 0 || review_count: 11 ||
Blaine,yelping_since: 2015 02 || votes:  funny 0 useful 0 cool 0  || name: Blaine || type: user || fans: 0 || average_stars: 1 0 || review_count: 2 ||
Emma,yelping_since: 2015 04 || votes:  funny 0 useful 4 cool 0  || name: Emma || type: user || compliments:  note 2  || fans: 1 || average_stars: 5 0 || review_count: 5 ||
Emily,yelping_since: 2015 04 || votes:  funny 0 useful 4 cool 0  || name: Emily || type: user || fans: 0 || average_stars: 5 0 || review_count: 1 ||
Matt,yelping_since: 2015 05 || votes:  funny 0 useful 1 cool 0  || name: Matt || type: user || fans: 0 || average_stars: 5 0 || review_count: 1 ||
Marily,yelping_since: 2015 06 || votes:  funny 0 useful 0 cool 0  || name: Marily || type: user || fans: 0 || average_stars: 3 0 || review_count: 2 ||
Rossi,yelping_since: 2015 06 || votes:  funny 4 useful 6 cool 6  || name: Rossi || type: user || fans: 1 || average_stars: 4 18 || review_count: 12 ||
Emily,yelping_since: 2015 06 || votes:  funny 1 useful 1 cool 0  || name: Emily || type: user || fans: 0 || average_stars: 3 0 || review_count: 6 ||
Carter,yelping_since: 2015 08 || votes:  funny 1 useful 0 cool 0  || name: Carter || type: user || fans: 0 || average_stars: 5 0 || review_count: 2 ||
Holly,yelping_since: 2015 09 || votes:  funny 0 useful 0 cool 0  || name: Holly || type: user || fans: 0 || average_stars: 5 0 || review_count: 2 ||
Leslie,yelping_since: 2015 10 || votes:  funny 1 useful 0 cool 0  || name: Leslie || type: user || fans: 0 || average_stars: 3 0 || review_count: 2 ||
Kevin,yelping_since: 2004 10 || votes:  funny 167 useful 277 cool 134  || name: Kevin || elite:  2008 2009 2010 2011  || type: user || compliments:  profile 2 funny 9 plain 10 writer 9 list 2 note 6 photos 2 hot 4 more 2 cool 26  || fans: 11 || average_stars: 3 8 || review_count: 139 ||
Anne,yelping_since: 2007 08 || votes:  funny 1 useful 26 cool 5  || name: Anne || type: user || compliments:  plain 2  || fans: 2 || average_stars: 4 45 || review_count: 11 ||
Cake or,yelping_since: 2008 11 || votes:  funny 14 useful 41 cool 17  || name: Cake or || type: user || compliments:  plain 1 hot 1 funny 1 photos 1 more 2  || fans: 2 || average_stars: 4 07 || review_count: 67 ||
Jason,yelping_since: 2008 11 || votes:  funny 13 useful 43 cool 14  || name: Jason || type: user || compliments:  note 3 plain 1 cool 1  || fans: 0 || average_stars: 3 62 || review_count: 23 ||
Jason,yelping_since: 2008 11 || votes:  funny 185 useful 491 cool 291  || name: Jason || elite:  2014 2015  || type: user || compliments:  profile 1 funny 4 plain 20 writer 30 note 15 photos 2 hot 17 more 3 cool 35  || fans: 6 || average_stars: 3 98 || review_count: 246 ||
Aly,yelping_since: 2009 08 || votes:  funny 36 useful 176 cool 36  || name: Aly || type: user || compliments:  plain 2 cool 1  || fans: 3 || average_stars: 3 56 || review_count: 84 ||
Lisa,yelping_since: 2009 08 || votes:  funny 0 useful 4 cool 2  || name: Lisa || type: user || compliments:  cool 1  || fans: 0 || average_stars: 4 38 || review_count: 13 ||
Colleen,yelping_since: 2010 02 || votes:  funny 587 useful 960 cool 410  || name: Colleen || elite:  2012 2013 2014 2015  || type: user || compliments:  profile 1 cute 1 funny 34 plain 47 writer 46 note 17 photos 2 hot 43 more 5 cool 51  || fans: 23 || average_stars: 3 5 || review_count: 340 ||
Randy And Melissa,yelping_since: 2010 02 || votes:  funny 3 useful 4 cool 2  || name: Randy And Melissa || type: user || compliments:  more 1  || fans: 0 || average_stars: 3 64 || review_count: 6 ||
Stephanie,yelping_since: 2010 02 || votes:  funny 318 useful 952 cool 321  || name: Stephanie || elite:  2012 2013 2014 2015  || type: user || compliments:  profile 1 funny 13 cute 2 plain 45 writer 21 note 18 photos 3 hot 20 more 3 cool 38  || fans: 20 || average_stars: 3 61 || review_count: 306 ||
Pooya,yelping_since: 2010 04 || votes:  funny 3 useful 40 cool 4  || name: Pooya || type: user || compliments:  note 1 plain 4 funny 1 profile 1 cool 3  || fans: 5 || average_stars: 4 18 || review_count: 38 ||
John,yelping_since: 2010 07 || votes:  funny 1 useful 4 cool 1  || name: John || type: user || compliments:  cool 1  || fans: 1 || average_stars: 4 0 || review_count: 2 ||
Hannah,yelping_since: 2010 10 || votes:  funny 30 useful 131 cool 42  || name: Hannah || type: user || compliments:  note 6 plain 9 hot 1 cool 5  || fans: 0 || average_stars: 3 41 || review_count: 121 ||
Doug,yelping_since: 2010 10 || votes:  funny 0 useful 3 cool 0  || name: Doug || type: user || fans: 0 || average_stars: 4 0 || review_count: 7 ||
Melanie W ,yelping_since: 2011 01 || votes:  funny 2 useful 5 cool 2  || name: Melanie W  || type: user || compliments:  more 1  || fans: 0 || average_stars: 3 78 || review_count: 9 ||
Mark,yelping_since: 2011 01 || votes:  funny 2 useful 8 cool 2  || name: Mark || type: user || fans: 0 || average_stars: 3 75 || review_count: 5 ||
Steve,yelping_since: 2011 02 || votes:  funny 6 useful 11 cool 5  || name: Steve || type: user || compliments:  note 1  || fans: 1 || average_stars: 4 39 || review_count: 44 ||
Debbi,yelping_since: 2011 02 || votes:  funny 2 useful 21 cool 4  || name: Debbi || type: user || compliments:  cool 1  || fans: 0 || average_stars: 3 89 || review_count: 27 ||
Brian,yelping_since: 2011 03 || votes:  funny 14 useful 36 cool 11  || name: Brian || type: user || compliments:  cool 1  || fans: 1 || average_stars: 4 23 || review_count: 31 ||
Ali,yelping_since: 2011 03 || votes:  funny 1 useful 11 cool 1  || name: Ali || type: user || fans: 1 || average_stars: 3 14 || review_count: 7 ||
Lorena,yelping_since: 2011 03 || votes:  funny 2 useful 4 cool 1  || name: Lorena || type: user || fans: 0 || average_stars: 4 36 || review_count: 11 ||
Mandy,yelping_since: 2011 05 || votes:  funny 238 useful 357 cool 253  || name: Mandy || elite:  2014 2015  || type: user || compliments:  profile 2 funny 2 cute 1 plain 6 writer 12 note 3 photos 3 hot 4 cool 5  || fans: 7 || average_stars: 3 41 || review_count: 126 ||
Raquel,yelping_since: 2011 05 || votes:  funny 3 useful 23 cool 3  || name: Raquel || type: user || fans: 2 || average_stars: 2 64 || review_count: 11 ||
Phil,yelping_since: 2011 05 || votes:  funny 1 useful 5 cool 0  || name: Phil || type: user || compliments:  cool 1  || fans: 0 || average_stars: 3 7 || review_count: 10 ||
Meredith,yelping_since: 2011 05 || votes:  funny 2 useful 30 cool 3  || name: Meredith || type: user || compliments:  hot 1  || fans: 0 || average_stars: 4 19 || review_count: 28 ||
ted,yelping_since: 2011 05 || votes:  funny 1 useful 6 cool 3  || name: ted || type: user || fans: 0 || average_stars: 3 57 || review_count: 15 ||
Mayra,yelping_since: 2011 07 || votes:  funny 0 useful 5 cool 1  || name: Mayra || type: user || fans: 0 || average_stars: 1 5 || review_count: 2 ||
Mimi,yelping_since: 2011 07 || votes:  funny 7 useful 7 cool 3  || name: Mimi || type: user || compliments:  photos 1 plain 1  || fans: 0 || average_stars: 4 24 || review_count: 41 ||
Gene,yelping_since: 2011 07 || votes:  funny 0 useful 6 cool 1  || name: Gene || type: user || fans: 0 || average_stars: 3 0 || review_count: 5 ||
Pam,yelping_since: 2011 07 || votes:  funny 2 useful 23 cool 10  || name: Pam || type: user || compliments:  funny 1  || fans: 2 || average_stars: 3 74 || review_count: 33 ||
John,yelping_since: 2011 09 || votes:  funny 1 useful 25 cool 6  || name: John || type: user || fans: 1 || average_stars: 5 0 || review_count: 14 ||
Cher,yelping_since: 2011 09 || votes:  funny 5 useful 17 cool 8  || name: Cher || type: user || compliments:  profile 1 cool 1  || fans: 0 || average_stars: 4 14 || review_count: 35 ||
Carol,yelping_since: 2011 09 || votes:  funny 0 useful 7 cool 3  || name: Carol || type: user || compliments:  note 1  || fans: 1 || average_stars: 4 96 || review_count: 27 ||
Ryan,yelping_since: 2011 11 || votes:  funny 16 useful 66 cool 15  || name: Ryan || type: user || compliments:  note 1 plain 1  || fans: 2 || average_stars: 3 85 || review_count: 91 ||
Sandra,yelping_since: 2011 12 || votes:  funny 1 useful 21 cool 6  || name: Sandra || type: user || compliments:  cool 1  || fans: 0 || average_stars: 4 76 || review_count: 20 ||
Tom,yelping_since: 2012 01 || votes:  funny 0 useful 0 cool 0  || name: Tom || type: user || compliments:  cool 1  || fans: 0 || average_stars: 3 0 || review_count: 2 ||
Sruthi,yelping_since: 2012 02 || votes:  funny 0 useful 1 cool 0  || name: Sruthi || type: user || compliments:  writer 1 cool 1  || fans: 0 || average_stars: 4 6 || review_count: 5 ||
C,yelping_since: 2012 02 || votes:  funny 27 useful 37 cool 20  || name: C || type: user || compliments:  note 1 funny 4 hot 6 plain 2 cool 2  || fans: 1 || average_stars: 4 0 || review_count: 14 ||
Perry,yelping_since: 2012 02 || votes:  funny 0 useful 0 cool 0  || name: Perry || type: user || fans: 0 || average_stars: 5 0 || review_count: 1 ||
Sandy,yelping_since: 2012 03 || votes:  funny 11 useful 31 cool 9  || name: Sandy || type: user || compliments:  note 2 cute 1 hot 1 cool 2  || fans: 3 || average_stars: 3 17 || review_count: 23 ||
Randol,yelping_since: 2012 04 || votes:  funny 0 useful 1 cool 1  || name: Randol || type: user || fans: 0 || average_stars: 5 0 || review_count: 2 ||
Michelle,yelping_since: 2012 05 || votes:  funny 0 useful 1 cool 0  || name: Michelle || type: user || fans: 0 || average_stars: 3 0 || review_count: 2 ||
Loretta,yelping_since: 2012 05 || votes:  funny 1 useful 3 cool 0  || name: Loretta || type: user || compliments:  note 1 plain 1  || fans: 0 || average_stars: 4 8 || review_count: 5 ||
Barbie,yelping_since: 2012 06 || votes:  funny 10 useful 18 cool 8  || name: Barbie || type: user || compliments:  plain 1 writer 1  || fans: 1 || average_stars: 3 88 || review_count: 14 ||
Sophia,yelping_since: 2012 06 || votes:  funny 0 useful 1 cool 1  || name: Sophia || type: user || fans: 0 || average_stars: 5 0 || review_count: 1 ||
Scott,yelping_since: 2012 08 || votes:  funny 5 useful 7 cool 2  || name: Scott || type: user || fans: 0 || average_stars: 4 69 || review_count: 15 ||
Tim,yelping_since: 2012 10 || votes:  funny 7 useful 26 cool 13  || name: Tim || type: user || compliments:  writer 1 cool 1  || fans: 1 || average_stars: 4 82 || review_count: 10 ||
Paul,yelping_since: 2012 10 || votes:  funny 2 useful 9 cool 1  || name: Paul || type: user || fans: 0 || average_stars: 4 53 || review_count: 17 ||
Derek,yelping_since: 2012 10 || votes:  funny 2 useful 1 cool 1  || name: Derek || type: user || fans: 0 || average_stars: 4 2 || review_count: 5 ||
Kate,yelping_since: 2012 10 || votes:  funny 25 useful 156 cool 25  || name: Kate || elite:  2013 2014 2015  || type: user || compliments:  note 1 plain 3 hot 2 funny 2 cool 4  || fans: 0 || average_stars: 3 97 || review_count: 210 ||
Subhakam,yelping_since: 2012 11 || votes:  funny 2 useful 13 cool 1  || name: Subhakam || type: user || compliments:  plain 1  || fans: 0 || average_stars: 2 5 || review_count: 3 ||
Bobby,yelping_since: 2012 11 || votes:  funny 1 useful 0 cool 0  || name: Bobby || type: user || fans: 1 || average_stars: 1 0 || review_count: 4 ||
Mike,yelping_since: 2012 12 || votes:  funny 9 useful 24 cool 5  || name: Mike || type: user || fans: 0 || average_stars: 3 98 || review_count: 81 ||
Keith,yelping_since: 2013 01 || votes:  funny 2 useful 10 cool 5  || name: Keith || type: user || compliments:  plain 1 funny 1 cute 1  || fans: 1 || average_stars: 4 67 || review_count: 3 ||
Steve,yelping_since: 2013 02 || votes:  funny 1 useful 7 cool 1  || name: Steve || type: user || fans: 1 || average_stars: 2 25 || review_count: 3 ||
Jennie,yelping_since: 2013 07 || votes:  funny 0 useful 0 cool 0  || name: Jennie || type: user || fans: 0 || average_stars: 5 0 || review_count: 1 ||
Michael,yelping_since: 2013 07 || votes:  funny 0 useful 0 cool 1  || name: Michael || type: user || fans: 0 || average_stars: 5 0 || review_count: 1 ||
Renee,yelping_since: 2013 07 || votes:  funny 0 useful 0 cool 0  || name: Renee || type: user || fans: 0 || average_stars: 3 5 || review_count: 2 ||
Mallory,yelping_since: 2013 07 || votes:  funny 0 useful 3 cool 0  || name: Mallory || type: user || fans: 0 || average_stars: 3 91 || review_count: 11 ||
Valerie,yelping_since: 2013 07 || votes:  funny 0 useful 1 cool 0  || name: Valerie || type: user || fans: 1 || average_stars: 3 33 || review_count: 3 ||
Shannon,yelping_since: 2013 08 || votes:  funny 1 useful 5 cool 2  || name: Shannon || type: user || fans: 0 || average_stars: 5 0 || review_count: 3 ||
Informed,yelping_since: 2013 10 || votes:  funny 0 useful 1 cool 0  || name: Informed || type: user || fans: 0 || average_stars: 3 25 || review_count: 5 ||
Raghav,yelping_since: 2013 11 || votes:  funny 0 useful 1 cool 0  || name: Raghav || type: user || fans: 0 || average_stars: 1 0 || review_count: 1 ||
Michael,yelping_since: 2014 01 || votes:  funny 0 useful 2 cool 0  || name: Michael || type: user || fans: 0 || average_stars: 3 8 || review_count: 5 ||
Luis,yelping_since: 2014 01 || votes:  funny 1 useful 1 cool 0  || name: Luis || type: user || fans: 0 || average_stars: 4 86 || review_count: 7 ||
Temika,yelping_since: 2014 02 || votes:  funny 0 useful 5 cool 0  || name: Temika || type: user || compliments:  plain 1  || fans: 0 || average_stars: 3 0 || review_count: 6 ||
Adrank,yelping_since: 2014 02 || votes:  funny 0 useful 2 cool 0  || name: Adrank || type: user || fans: 1 || average_stars: 3 9 || review_count: 10 ||
Bri,yelping_since: 2014 02 || votes:  funny 0 useful 0 cool 0  || name: Bri || type: user || fans: 0 || average_stars: 1 0 || review_count: 1 ||
Katy,yelping_since: 2014 05 || votes:  funny 1 useful 1 cool 1  || name: Katy || type: user || fans: 0 || average_stars: 2 5 || review_count: 4 ||
Navi,yelping_since: 2014 06 || votes:  funny 30 useful 111 cool 55  || name: Navi || elite:  2015  || type: user || compliments:  funny 1 plain 6 writer 8 note 2 photos 1 hot 8 cool 7 more 1  || fans: 4 || average_stars: 3 88 || review_count: 70 ||
Luu,yelping_since: 2014 06 || votes:  funny 0 useful 0 cool 0  || name: Luu || type: user || fans: 0 || average_stars: 4 0 || review_count: 4 ||
Jeff,yelping_since: 2014 06 || votes:  funny 2 useful 4 cool 0  || name: Jeff || type: user || fans: 0 || average_stars: 3 2 || review_count: 9 ||
Jeff,yelping_since: 2014 06 || votes:  funny 1 useful 2 cool 0  || name: Jeff || type: user || fans: 0 || average_stars: 2 0 || review_count: 4 ||
Sterling,yelping_since: 2014 06 || votes:  funny 0 useful 0 cool 0  || name: Sterling || type: user || fans: 0 || average_stars: 3 0 || review_count: 2 ||
Dom,yelping_since: 2014 06 || votes:  funny 1 useful 1 cool 1  || name: Dom || type: user || fans: 0 || average_stars: 4 29 || review_count: 7 ||
Sarah,yelping_since: 2014 07 || votes:  funny 0 useful 1 cool 0  || name: Sarah || type: user || fans: 0 || average_stars: 3 2 || review_count: 5 ||
Domenic,yelping_since: 2014 08 || votes:  funny 0 useful 0 cool 0  || name: Domenic || type: user || fans: 0 || average_stars: 5 0 || review_count: 1 ||
Michele,yelping_since: 2014 08 || votes:  funny 0 useful 1 cool 0  || name: Michele || type: user || fans: 0 || average_stars: 5 0 || review_count: 1 ||
K,yelping_since: 2014 10 || votes:  funny 0 useful 1 cool 0  || name: K || type: user || fans: 0 || average_stars: 5 0 || review_count: 1 ||
Matthew,yelping_since: 2014 10 || votes:  funny 0 useful 0 cool 0  || name: Matthew || type: user || fans: 0 || average_stars: 5 0 || review_count: 1 ||
Gus,yelping_since: 2014 12 || votes:  funny 1 useful 0 cool 0  || name: Gus || type: user || fans: 0 || average_stars: 1 33 || review_count: 3 ||
Kais,yelping_since: 2015 01 || votes:  funny 0 useful 0 cool 0  || name: Kais || type: user || fans: 0 || average_stars: 4 0 || review_count: 1 ||
Jenn,yelping_since: 2015 02 || votes:  funny 0 useful 0 cool 0  || name: Jenn || type: user || fans: 0 || average_stars: 4 0 || review_count: 1 ||
Annie,yelping_since: 2015 03 || votes:  funny 2 useful 0 cool 0  || name: Annie || type: user || fans: 0 || average_stars: 5 0 || review_count: 3 ||
Alan,yelping_since: 2015 05 || votes:  funny 0 useful 0 cool 0  || name: Alan || type: user || fans: 0 || average_stars: 5 0 || review_count: 2 ||
Max,yelping_since: 2015 05 || votes:  funny 0 useful 0 cool 0  || name: Max || type: user || fans: 0 || average_stars: 5 0 || review_count: 1 ||
Jennifer,yelping_since: 2015 06 || votes:  funny 0 useful 0 cool 0  || name: Jennifer || type: user || fans: 0 || average_stars: 5 0 || review_count: 1 ||
Taylor Grace,yelping_since: 2015 06 || votes:  funny 0 useful 0 cool 0  || name: Taylor Grace || type: user || fans: 0 || average_stars: 1 0 || review_count: 1 ||
Jenni,yelping_since: 2015 07 || votes:  funny 2 useful 0 cool 0  || name: Jenni || type: user || fans: 0 || average_stars: 3 0 || review_count: 2 ||
Jessica,yelping_since: 2015 08 || votes:  funny 0 useful 1 cool 0  || name: Jessica || type: user || fans: 0 || average_stars: 2 0 || review_count: 1 ||
Jody,yelping_since: 2015 09 || votes:  funny 0 useful 1 cool 0  || name: Jody || type: user || fans: 0 || average_stars: 5 0 || review_count: 4 ||
Jill,yelping_since: 2015 10 || votes:  funny 0 useful 2 cool 1  || name: Jill || type: user || fans: 0 || average_stars: 2 5 || review_count: 2 ||
Carol,yelping_since: 2015 12 || votes:  funny 0 useful 0 cool 0  || name: Carol || type: user || fans: 0 || average_stars: 2 0 || review_count: 1 ||
Larry,yelping_since: 2004 10 || votes:  funny 4 useful 17 cool 8  || name: Larry || type: user || compliments:  note 1 plain 1 writer 1 more 1  || fans: 1 || average_stars: 3 22 || review_count: 94 ||
francine,yelping_since: 2004 10 || votes:  funny 4 useful 15 cool 5  || name: francine || type: user || compliments:  cool 1  || fans: 2 || average_stars: 3 5 || review_count: 8 ||
Jeany,yelping_since: 2008 02 || votes:  funny 33 useful 121 cool 26  || name: Jeany || type: user || compliments:  plain 1 writer 2 funny 3 cool 3  || fans: 4 || average_stars: 3 6 || review_count: 80 ||
Nancy,yelping_since: 2009 08 || votes:  funny 2 useful 11 cool 6  || name: Nancy || type: user || compliments:  note 1  || fans: 0 || average_stars: 4 3 || review_count: 10 ||
Elyse,yelping_since: 2009 08 || votes:  funny 55 useful 326 cool 85  || name: Elyse || elite:  2011 2012 2013 2014 2015  || type: user || compliments:  cute 1 plain 11 writer 3 list 2 note 10 photos 3 hot 6 cool 8 more 2  || fans: 6 || average_stars: 3 7 || review_count: 169 ||
Peter,yelping_since: 2009 08 || votes:  funny 0 useful 7 cool 3  || name: Peter || type: user || fans: 0 || average_stars: 4 43 || review_count: 14 ||
Rachel,yelping_since: 2010 02 || votes:  funny 14 useful 44 cool 11  || name: Rachel || type: user || fans: 0 || average_stars: 4 17 || review_count: 92 ||
C,yelping_since: 2010 02 || votes:  funny 36 useful 194 cool 28  || name: C || type: user || compliments:  note 1  || fans: 3 || average_stars: 3 53 || review_count: 221 ||
Jeremy,yelping_since: 2010 02 || votes:  funny 0 useful 2 cool 0  || name: Jeremy || type: user || fans: 0 || average_stars: 5 0 || review_count: 1 ||
Ron,yelping_since: 2010 02 || votes:  funny 0 useful 0 cool 0  || name: Ron || type: user || compliments:  plain 1  || fans: 0 || average_stars: 4 5 || review_count: 4 ||
Chad,yelping_since: 2010 07 || votes:  funny 0 useful 0 cool 0  || name: Chad || type: user || fans: 0 || average_stars: 2 5 || review_count: 2 ||
Bertha,yelping_since: 2010 07 || votes:  funny 2 useful 7 cool 1  || name: Bertha || type: user || fans: 2 || average_stars: 4 29 || review_count: 7 ||
Barbara,yelping_since: 2010 07 || votes:  funny 0 useful 0 cool 0  || name: Barbara || type: user || fans: 0 || average_stars: 1 0 || review_count: 1 ||
Divine,yelping_since: 2010 07 || votes:  funny 0 useful 0 cool 0  || name: Divine || type: user || fans: 0 || average_stars: 5 0 || review_count: 1 ||
Rolando,yelping_since: 2010 09 || votes:  funny 1 useful 14 cool 1  || name: Rolando || type: user || compliments:  plain 1 cool 1  || fans: 1 || average_stars: 3 6 || review_count: 5 ||
Charles,yelping_since: 2010 10 || votes:  funny 2 useful 3 cool 2  || name: Charles || type: user || fans: 0 || average_stars: 3 83 || review_count: 6 ||
Sue,yelping_since: 2010 10 || votes:  funny 3 useful 7 cool 2  || name: Sue || type: user || compliments:  plain 1  || fans: 0 || average_stars: 4 67 || review_count: 3 ||
Christina,yelping_since: 2010 10 || votes:  funny 6 useful 8 cool 1  || name: Christina || type: user || compliments:  hot 1  || fans: 0 || average_stars: 4 0 || review_count: 11 ||
Carla,yelping_since: 2010 10 || votes:  funny 20 useful 68 cool 20  || name: Carla || type: user || compliments:  funny 1 more 1 writer 1 cool 1  || fans: 2 || average_stars: 3 53 || review_count: 84 ||
Clare,yelping_since: 2010 10 || votes:  funny 4 useful 26 cool 12  || name: Clare || type: user || fans: 0 || average_stars: 3 75 || review_count: 39 ||
Ddd,yelping_since: 2010 10 || votes:  funny 12 useful 34 cool 12  || name: Ddd || type: user || compliments:  funny 1 writer 2  || fans: 0 || average_stars: 4 07 || review_count: 46 ||
Ryan,yelping_since: 2011 01 || votes:  funny 7 useful 33 cool 7  || name: Ryan || type: user || compliments:  writer 1 cool 1  || fans: 0 || average_stars: 3 93 || review_count: 45 ||
Cheyne,yelping_since: 2011 01 || votes:  funny 2 useful 1 cool 1  || name: Cheyne || type: user || fans: 0 || average_stars: 5 0 || review_count: 6 ||
Vincent,yelping_since: 2011 01 || votes:  funny 0 useful 2 cool 0  || name: Vincent || type: user || fans: 0 || average_stars: 4 0 || review_count: 4 ||
Amy,yelping_since: 2011 04 || votes:  funny 1 useful 4 cool 0  || name: Amy || type: user || compliments:  cool 1  || fans: 0 || average_stars: 4 4 || review_count: 5 ||
Steve,yelping_since: 2011 05 || votes:  funny 2 useful 4 cool 1  || name: Steve || type: user || fans: 0 || average_stars: 2 0 || review_count: 5 ||
Wes,yelping_since: 2011 06 || votes:  funny 2 useful 10 cool 2  || name: Wes || type: user || fans: 0 || average_stars: 4 5 || review_count: 24 ||
Lori,yelping_since: 2011 07 || votes:  funny 0 useful 3 cool 2  || name: Lori || type: user || compliments:  note 1 plain 1  || fans: 0 || average_stars: 3 67 || review_count: 3 ||
Mary,yelping_since: 2011 08 || votes:  funny 0 useful 0 cool 0  || name: Mary || type: user || fans: 0 || average_stars: 2 0 || review_count: 1 ||
Erin,yelping_since: 2011 09 || votes:  funny 2 useful 7 cool 1  || name: Erin || type: user || compliments:  cool 1  || fans: 0 || average_stars: 4 0 || review_count: 11 ||
Rich,yelping_since: 2011 09 || votes:  funny 4 useful 47 cool 3  || name: Rich || type: user || compliments:  funny 1  || fans: 0 || average_stars: 3 69 || review_count: 11 ||
Rachel,yelping_since: 2011 11 || votes:  funny 4 useful 5 cool 2  || name: Rachel || type: user || compliments:  plain 1  || fans: 0 || average_stars: 3 67 || review_count: 3 ||
Brennan,yelping_since: 2012 01 || votes:  funny 20 useful 163 cool 48  || name: Brennan || elite:  2015  || type: user || compliments:  profile 1 funny 3 plain 3 writer 2 note 2 hot 2 more 1 cool 2  || fans: 6 || average_stars: 3 76 || review_count: 137 ||
Patrick,yelping_since: 2012 01 || votes:  funny 53 useful 29 cool 19  || name: Patrick || type: user || compliments:  note 2 plain 2 more 1 profile 1 funny 1  || fans: 2 || average_stars: 4 39 || review_count: 70 ||
Dan,yelping_since: 2012 01 || votes:  funny 0 useful 4 cool 2  || name: Dan || type: user || fans: 0 || average_stars: 4 0 || review_count: 1 ||
Kim,yelping_since: 2012 02 || votes:  funny 0 useful 2 cool 0  || name: Kim || type: user || fans: 0 || average_stars: 5 0 || review_count: 2 ||
Joann,yelping_since: 2012 04 || votes:  funny 5 useful 14 cool 0  || name: Joann || type: user || fans: 0 || average_stars: 1 0 || review_count: 2 ||
Joseph,yelping_since: 2012 06 || votes:  funny 0 useful 2 cool 0  || name: Joseph || type: user || fans: 0 || average_stars: 1 0 || review_count: 1 ||
Maryam,yelping_since: 2012 06 || votes:  funny 5 useful 8 cool 3  || name: Maryam || type: user || compliments:  note 1  || fans: 0 || average_stars: 4 38 || review_count: 20 ||
Mark,yelping_since: 2012 07 || votes:  funny 9 useful 9 cool 6  || name: Mark || type: user || fans: 1 || average_stars: 2 18 || review_count: 11 ||
Johanna,yelping_since: 2012 07 || votes:  funny 4 useful 20 cool 9  || name: Johanna || type: user || compliments:  plain 1 funny 1  || fans: 0 || average_stars: 4 42 || review_count: 24 ||
Patricia,yelping_since: 2012 07 || votes:  funny 0 useful 1 cool 1  || name: Patricia || type: user || fans: 0 || average_stars: 2 5 || review_count: 2 ||
Karla,yelping_since: 2012 10 || votes:  funny 1 useful 3 cool 2  || name: Karla || type: user || fans: 1 || average_stars: 3 75 || review_count: 7 ||
Amelia,yelping_since: 2012 10 || votes:  funny 1 useful 6 cool 2  || name: Amelia || type: user || fans: 0 || average_stars: 5 0 || review_count: 2 ||
Emily,yelping_since: 2012 11 || votes:  funny 0 useful 1 cool 0  || name: Emily || type: user || fans: 0 || average_stars: 4 0 || review_count: 1 ||
Casey,yelping_since: 2012 11 || votes:  funny 1 useful 10 cool 1  || name: Casey || type: user || compliments:  plain 1  || fans: 1 || average_stars: 3 33 || review_count: 4 ||
Angela,yelping_since: 2012 12 || votes:  funny 0 useful 2 cool 0  || name: Angela || type: user || fans: 0 || average_stars: 5 0 || review_count: 1 ||
Bryan,yelping_since: 2013 01 || votes:  funny 1 useful 5 cool 1  || name: Bryan || type: user || fans: 0 || average_stars: 1 0 || review_count: 2 ||
John,yelping_since: 2013 02 || votes:  funny 0 useful 2 cool 1  || name: John || type: user || fans: 0 || average_stars: 4 0 || review_count: 1 ||
Kim,yelping_since: 2013 02 || votes:  funny 2 useful 9 cool 0  || name: Kim || type: user || fans: 0 || average_stars: 2 6 || review_count: 6 ||
Trudi,yelping_since: 2013 03 || votes:  funny 1 useful 6 cool 2  || name: Trudi || type: user || fans: 0 || average_stars: 3 93 || review_count: 14 ||
Rohit,yelping_since: 2013 03 || votes:  funny 0 useful 8 cool 1  || name: Rohit || type: user || compliments:  plain 2  || fans: 0 || average_stars: 4 0 || review_count: 7 ||
Chris,yelping_since: 2013 05 || votes:  funny 0 useful 0 cool 0  || name: Chris || type: user || fans: 0 || average_stars: 5 0 || review_count: 2 ||
Rachael,yelping_since: 2013 06 || votes:  funny 0 useful 0 cool 0  || name: Rachael || type: user || fans: 0 || average_stars: 5 0 || review_count: 1 ||
Katrina,yelping_since: 2013 07 || votes:  funny 0 useful 0 cool 0  || name: Katrina || type: user || fans: 0 || average_stars: 5 0 || review_count: 2 ||
Ray,yelping_since: 2013 07 || votes:  funny 0 useful 8 cool 2  || name: Ray || type: user || fans: 0 || average_stars: 4 18 || review_count: 11 ||
Seymour,yelping_since: 2013 10 || votes:  funny 0 useful 1 cool 0  || name: Seymour || type: user || fans: 0 || average_stars: 1 0 || review_count: 3 ||
Briana,yelping_since: 2013 10 || votes:  funny 1 useful 1 cool 0  || name: Briana || type: user || fans: 0 || average_stars: 1 89 || review_count: 9 ||
Becca,yelping_since: 2013 11 || votes:  funny 0 useful 5 cool 1  || name: Becca || type: user || fans: 0 || average_stars: 3 0 || review_count: 2 ||
Sydney,yelping_since: 2014 01 || votes:  funny 0 useful 0 cool 0  || name: Sydney || type: user || fans: 0 || average_stars: 5 0 || review_count: 2 ||
Patrick,yelping_since: 2014 02 || votes:  funny 6 useful 13 cool 2  || name: Patrick || type: user || fans: 0 || average_stars: 3 12 || review_count: 18 ||
Leslie,yelping_since: 2014 02 || votes:  funny 1 useful 6 cool 1  || name: Leslie || type: user || fans: 0 || average_stars: 3 67 || review_count: 3 ||
Jacob,yelping_since: 2014 02 || votes:  funny 0 useful 0 cool 0  || name: Jacob || type: user || fans: 0 || average_stars: 5 0 || review_count: 1 ||
Elizabeth,yelping_since: 2014 03 || votes:  funny 0 useful 2 cool 0  || name: Elizabeth || type: user || fans: 0 || average_stars: 1 0 || review_count: 1 ||
Dean,yelping_since: 2014 04 || votes:  funny 2 useful 2 cool 0  || name: Dean || type: user || fans: 0 || average_stars: 2 5 || review_count: 4 ||
Jessica,yelping_since: 2014 04 || votes:  funny 1 useful 0 cool 0  || name: Jessica || type: user || fans: 0 || average_stars: 3 0 || review_count: 3 ||
Jennifer,yelping_since: 2014 05 || votes:  funny 0 useful 1 cool 2  || name: Jennifer || type: user || fans: 0 || average_stars: 5 0 || review_count: 3 ||
Suzie,yelping_since: 2014 05 || votes:  funny 0 useful 4 cool 2  || name: Suzie || type: user || fans: 0 || average_stars: 5 0 || review_count: 1 ||
Scott,yelping_since: 2014 05 || votes:  funny 2 useful 10 cool 4  || name: Scott || type: user || fans: 1 || average_stars: 3 62 || review_count: 13 ||
Jennifer,yelping_since: 2014 05 || votes:  funny 0 useful 0 cool 1  || name: Jennifer || type: user || fans: 0 || average_stars: 3 67 || review_count: 3 ||
Julia,yelping_since: 2014 06 || votes:  funny 0 useful 4 cool 3  || name: Julia || type: user || compliments:  profile 1  || fans: 0 || average_stars: 4 8 || review_count: 5 ||
Buckner,yelping_since: 2014 06 || votes:  funny 0 useful 0 cool 0  || name: Buckner || type: user || fans: 0 || average_stars: 2 5 || review_count: 2 ||
Michael,yelping_since: 2014 07 || votes:  funny 0 useful 3 cool 1  || name: Michael || type: user || compliments:  funny 1  || fans: 0 || average_stars: 4 75 || review_count: 4 ||
Jadine,yelping_since: 2014 08 || votes:  funny 1 useful 2 cool 1  || name: Jadine || type: user || compliments:  funny 2  || fans: 0 || average_stars: 3 86 || review_count: 7 ||
Mark,yelping_since: 2014 08 || votes:  funny 0 useful 0 cool 0  || name: Mark || type: user || fans: 0 || average_stars: 4 0 || review_count: 2 ||
Kate,yelping_since: 2014 08 || votes:  funny 1 useful 0 cool 0  || name: Kate || type: user || fans: 0 || average_stars: 4 4 || review_count: 6 ||
Bob,yelping_since: 2014 08 || votes:  funny 0 useful 1 cool 0  || name: Bob || type: user || fans: 0 || average_stars: 1 0 || review_count: 1 ||
Megan,yelping_since: 2014 09 || votes:  funny 0 useful 0 cool 0  || name: Megan || type: user || fans: 0 || average_stars: 3 0 || review_count: 2 ||
Debra,yelping_since: 2014 10 || votes:  funny 1 useful 3 cool 1  || name: Debra || type: user || fans: 0 || average_stars: 3 67 || review_count: 4 ||
Jeanne,yelping_since: 2014 10 || votes:  funny 1 useful 3 cool 2  || name: Jeanne || type: user || fans: 0 || average_stars: 3 0 || review_count: 2 ||
Dave,yelping_since: 2014 11 || votes:  funny 0 useful 1 cool 1  || name: Dave || type: user || fans: 0 || average_stars: 3 75 || review_count: 4 ||
Matthew,yelping_since: 2015 01 || votes:  funny 0 useful 7 cool 0  || name: Matthew || type: user || fans: 0 || average_stars: 2 33 || review_count: 3 ||
Ismael,yelping_since: 2015 02 || votes:  funny 1 useful 1 cool 0  || name: Ismael || type: user || fans: 0 || average_stars: 5 0 || review_count: 3 ||
Pix,yelping_since: 2015 02 || votes:  funny 0 useful 1 cool 0  || name: Pix || type: user || fans: 0 || average_stars: 5 0 || review_count: 1 ||
Carl,yelping_since: 2015 03 || votes:  funny 0 useful 0 cool 0  || name: Carl || type: user || fans: 0 || average_stars: 5 0 || review_count: 1 ||
James,yelping_since: 2015 03 || votes:  funny 0 useful 0 cool 0  || name: James || type: user || fans: 0 || average_stars: 1 0 || review_count: 1 ||
April,yelping_since: 2015 05 || votes:  funny 0 useful 0 cool 0  || name: April || type: user || fans: 0 || average_stars: 5 0 || review_count: 1 ||
Ed,yelping_since: 2015 05 || votes:  funny 0 useful 0 cool 0  || name: Ed || type: user || fans: 0 || average_stars: 5 0 || review_count: 1 ||
Devka,yelping_since: 2015 06 || votes:  funny 0 useful 0 cool 0  || name: Devka || type: user || fans: 0 || average_stars: 5 0 || review_count: 1 ||
Kayla,yelping_since: 2015 07 || votes:  funny 1 useful 2 cool 0  || name: Kayla || type: user || compliments:  plain 1  || fans: 0 || average_stars: 3 83 || review_count: 6 ||
Leigha,yelping_since: 2015 09 || votes:  funny 0 useful 0 cool 1  || name: Leigha || type: user || fans: 0 || average_stars: 5 0 || review_count: 1 ||
Nazmay,yelping_since: 2015 09 || votes:  funny 0 useful 0 cool 0  || name: Nazmay || type: user || fans: 0 || average_stars: 4 5 || review_count: 2 ||
Tom,yelping_since: 2015 10 || votes:  funny 0 useful 0 cool 0  || name: Tom || type: user || fans: 0 || average_stars: 5 0 || review_count: 1 ||
Robert,yelping_since: 2015 10 || votes:  funny 0 useful 1 cool 1  || name: Robert || type: user || fans: 0 || average_stars: 5 0 || review_count: 2 ||
Charlotte,yelping_since: 2015 10 || votes:  funny 0 useful 1 cool 1  || name: Charlotte || type: user || fans: 0 || average_stars: 5 0 || review_count: 2 ||
Manny,yelping_since: 2015 11 || votes:  funny 0 useful 0 cool 0  || name: Manny || type: user || fans: 0 || average_stars: 5 0 || review_count: 1 ||
Joseph,yelping_since: 2004 10 || votes:  funny 0 useful 3 cool 0  || name: Joseph || type: user || compliments:  plain 1  || fans: 0 || average_stars: 3 0 || review_count: 2 ||
Teel,yelping_since: 2004 10 || votes:  funny 2 useful 16 cool 1  || name: Teel || type: user || compliments:  plain 1 writer 1  || fans: 1 || average_stars: 3 0 || review_count: 5 ||
Marcy,yelping_since: 2008 11 || votes:  funny 4 useful 18 cool 3  || name: Marcy || type: user || fans: 0 || average_stars: 1 84 || review_count: 19 ||
Rachel,yelping_since: 2009 05 || votes:  funny 6 useful 16 cool 9  || name: Rachel || type: user || compliments:  plain 2  || fans: 1 || average_stars: 5 0 || review_count: 7 ||
Sharon,yelping_since: 2009 08 || votes:  funny 3 useful 10 cool 1  || name: Sharon || type: user || fans: 0 || average_stars: 2 33 || review_count: 6 ||
Ryan,yelping_since: 2010 01 || votes:  funny 0 useful 2 cool 0  || name: Ryan || type: user || fans: 0 || average_stars: 3 25 || review_count: 4 ||
Amy,yelping_since: 2010 02 || votes:  funny 0 useful 1 cool 1  || name: Amy || type: user || fans: 0 || average_stars: 5 0 || review_count: 2 ||
Deron,yelping_since: 2010 02 || votes:  funny 5 useful 9 cool 4  || name: Deron || type: user || compliments:  plain 2  || fans: 1 || average_stars: 4 13 || review_count: 37 ||
Jo,yelping_since: 2010 07 || votes:  funny 26 useful 48 cool 11  || name: Jo || type: user || fans: 0 || average_stars: 3 52 || review_count: 30 ||
Erin,yelping_since: 2010 07 || votes:  funny 0 useful 0 cool 1  || name: Erin || type: user || fans: 0 || average_stars: 3 5 || review_count: 2 ||
Hugo,yelping_since: 2010 07 || votes:  funny 0 useful 3 cool 0  || name: Hugo || type: user || fans: 0 || average_stars: 4 0 || review_count: 5 ||
Brandon,yelping_since: 2010 07 || votes:  funny 0 useful 0 cool 3  || name: Brandon || type: user || fans: 1 || average_stars: 2 4 || review_count: 5 ||
Michelle,yelping_since: 2010 10 || votes:  funny 11 useful 26 cool 8  || name: Michelle || type: user || compliments:  note 1  || fans: 1 || average_stars: 3 46 || review_count: 13 ||
Lena,yelping_since: 2010 10 || votes:  funny 2 useful 7 cool 1  || name: Lena || type: user || fans: 1 || average_stars: 5 0 || review_count: 5 ||
Joe,yelping_since: 2011 01 || votes:  funny 3 useful 13 cool 7  || name: Joe || type: user || compliments:  note 1 cool 1  || fans: 0 || average_stars: 3 36 || review_count: 22 ||
Joanna,yelping_since: 2011 01 || votes:  funny 15 useful 81 cool 12  || name: Joanna || type: user || fans: 1 || average_stars: 3 15 || review_count: 36 ||
Stephen,yelping_since: 2011 02 || votes:  funny 0 useful 0 cool 0  || name: Stephen || type: user || fans: 0 || average_stars: 5 0 || review_count: 1 ||
Stephanie,yelping_since: 2011 03 || votes:  funny 1 useful 0 cool 0  || name: Stephanie || type: user || compliments:  more 1  || fans: 0 || average_stars: 5 0 || review_count: 3 ||
Sylvia,yelping_since: 2011 03 || votes:  funny 5 useful 30 cool 4  || name: Sylvia || type: user || compliments:  note 1 writer 1  || fans: 1 || average_stars: 3 08 || review_count: 22 ||
Alana,yelping_since: 2011 03 || votes:  funny 18 useful 63 cool 36  || name: Alana || type: user || compliments:  funny 1 cute 1 plain 2 writer 2 note 2 cool 3  || fans: 2 || average_stars: 4 47 || review_count: 64 ||
Natalie,yelping_since: 2011 04 || votes:  funny 1 useful 1 cool 0  || name: Natalie || type: user || fans: 0 || average_stars: 5 0 || review_count: 3 ||
Ashley,yelping_since: 2011 07 || votes:  funny 0 useful 0 cool 0  || name: Ashley || type: user || fans: 0 || average_stars: 4 5 || review_count: 2 ||
Marie,yelping_since: 2011 09 || votes:  funny 7 useful 45 cool 8  || name: Marie || type: user || compliments:  note 1 more 1  || fans: 1 || average_stars: 3 78 || review_count: 47 ||
Rebecca,yelping_since: 2011 09 || votes:  funny 7 useful 55 cool 8  || name: Rebecca || type: user || compliments:  note 1 writer 1 cool 1  || fans: 0 || average_stars: 3 44 || review_count: 27 ||
Kerry,yelping_since: 2011 09 || votes:  funny 3 useful 27 cool 3  || name: Kerry || type: user || fans: 0 || average_stars: 3 94 || review_count: 16 ||
Catherine,yelping_since: 2011 10 || votes:  funny 5 useful 14 cool 2  || name: Catherine || type: user || fans: 0 || average_stars: 4 25 || review_count: 19 ||
A,yelping_since: 2011 11 || votes:  funny 0 useful 4 cool 0  || name: A || type: user || fans: 0 || average_stars: 4 33 || review_count: 6 ||
Nancy,yelping_since: 2011 11 || votes:  funny 1 useful 3 cool 7  || name: Nancy || type: user || fans: 1 || average_stars: 4 36 || review_count: 11 ||
Natalie,yelping_since: 2011 12 || votes:  funny 0 useful 2 cool 1  || name: Natalie || type: user || fans: 0 || average_stars: 5 0 || review_count: 3 ||
Ray,yelping_since: 2012 01 || votes:  funny 6 useful 20 cool 4  || name: Ray || type: user || compliments:  plain 1 writer 2 cool 1  || fans: 1 || average_stars: 4 21 || review_count: 18 ||
Richard,yelping_since: 2012 01 || votes:  funny 1 useful 2 cool 0  || name: Richard || type: user || fans: 0 || average_stars: 4 25 || review_count: 7 ||
R,yelping_since: 2012 01 || votes:  funny 2 useful 11 cool 1  || name: R || type: user || compliments:  note 1 cool 1  || fans: 0 || average_stars: 3 39 || review_count: 39 ||
GiveMEaRing,yelping_since: 2012 02 || votes:  funny 4 useful 23 cool 9  || name: GiveMEaRing || type: user || compliments:  note 1 plain 2  || fans: 2 || average_stars: 4 93 || review_count: 55 ||
Karen,yelping_since: 2012 02 || votes:  funny 0 useful 2 cool 0  || name: Karen || type: user || fans: 0 || average_stars: 3 67 || review_count: 4 ||
Fred,yelping_since: 2012 04 || votes:  funny 8 useful 55 cool 16  || name: Fred || type: user || compliments:  note 4 plain 2 funny 1 cool 2  || fans: 3 || average_stars: 3 85 || review_count: 88 ||
Brian,yelping_since: 2012 04 || votes:  funny 17 useful 27 cool 5  || name: Brian || type: user || compliments:  note 1 plain 1 hot 1 writer 1 funny 1  || fans: 0 || average_stars: 3 8 || review_count: 10 ||
Melissa,yelping_since: 2012 04 || votes:  funny 9 useful 48 cool 15  || name: Melissa || type: user || compliments:  funny 2 plain 3 writer 1 note 2 photos 1 more 1  || fans: 2 || average_stars: 3 91 || review_count: 150 ||
Suzette,yelping_since: 2012 06 || votes:  funny 5 useful 4 cool 1  || name: Suzette || type: user || fans: 0 || average_stars: 4 14 || review_count: 7 ||
Tiffany,yelping_since: 2012 07 || votes:  funny 0 useful 1 cool 0  || name: Tiffany || type: user || fans: 0 || average_stars: 4 8 || review_count: 6 ||
Tim,yelping_since: 2012 07 || votes:  funny 0 useful 9 cool 1  || name: Tim || type: user || fans: 0 || average_stars: 4 25 || review_count: 4 ||
Peter,yelping_since: 2012 09 || votes:  funny 0 useful 0 cool 0  || name: Peter || type: user || fans: 0 || average_stars: 5 0 || review_count: 4 ||
Terminator,yelping_since: 2012 10 || votes:  funny 29 useful 66 cool 13  || name: Terminator || type: user || compliments:  funny 2  || fans: 0 || average_stars: 1 69 || review_count: 48 ||
Danny,yelping_since: 2012 10 || votes:  funny 0 useful 1 cool 1  || name: Danny || type: user || compliments:  plain 2  || fans: 0 || average_stars: 4 5 || review_count: 8 ||
Alycia,yelping_since: 2012 11 || votes:  funny 1 useful 1 cool 1  || name: Alycia || type: user || compliments:  note 1  || fans: 0 || average_stars: 4 33 || review_count: 4 ||
Lauren,yelping_since: 2012 11 || votes:  funny 4 useful 0 cool 0  || name: Lauren || type: user || fans: 0 || average_stars: 4 33 || review_count: 3 ||
Amrita,yelping_since: 2013 01 || votes:  funny 7 useful 14 cool 6  || name: Amrita || type: user || fans: 0 || average_stars: 3 66 || review_count: 32 ||
Shawn,yelping_since: 2013 01 || votes:  funny 0 useful 4 cool 1  || name: Shawn || type: user || fans: 0 || average_stars: 4 2 || review_count: 4 ||
Brian,yelping_since: 2013 02 || votes:  funny 1 useful 5 cool 0  || name: Brian || type: user || fans: 0 || average_stars: 2 0 || review_count: 5 ||
Eve,yelping_since: 2013 03 || votes:  funny 0 useful 0 cool 0  || name: Eve || type: user || fans: 0 || average_stars: 5 0 || review_count: 2 ||
Mike,yelping_since: 2013 06 || votes:  funny 0 useful 0 cool 0  || name: Mike || type: user || fans: 0 || average_stars: 2 0 || review_count: 1 ||
Danny,yelping_since: 2013 07 || votes:  funny 0 useful 1 cool 0  || name: Danny || type: user || fans: 0 || average_stars: 2 0 || review_count: 1 ||
Tracy,yelping_since: 2013 07 || votes:  funny 1 useful 29 cool 7  || name: Tracy || type: user || fans: 0 || average_stars: 4 28 || review_count: 36 ||
Paul,yelping_since: 2013 11 || votes:  funny 0 useful 0 cool 0  || name: Paul || type: user || fans: 0 || average_stars: 5 0 || review_count: 1 ||
Sara,yelping_since: 2014 01 || votes:  funny 1 useful 6 cool 2  || name: Sara || type: user || fans: 0 || average_stars: 3 89 || review_count: 9 ||
Dean,yelping_since: 2014 01 || votes:  funny 0 useful 2 cool 0  || name: Dean || type: user || fans: 0 || average_stars: 3 33 || review_count: 6 ||
Courtney,yelping_since: 2014 01 || votes:  funny 2 useful 10 cool 4  || name: Courtney || type: user || fans: 1 || average_stars: 4 07 || review_count: 45 ||
Kelleen,yelping_since: 2014 01 || votes:  funny 1 useful 2 cool 4  || name: Kelleen || type: user || fans: 0 || average_stars: 3 71 || review_count: 15 || 
